student_id,school_id,age_at_enrollment,gender,resource_dilution_index,socioeconomic_status_index,commute_barrier_score,digital_equity_access_score,nutritional_support_access,gpa_trend,failed_subjects_count,strength_science_indicator,chronic_health_risk_score,health_related_absences,social_integration_score,cash_flow_volatility,academic_catchup_status,psychosocial_support_access,retention_risk_score,retained,dropout_reason
1,41,15,1,3,1,6.023905083692009,2,0,-0.5460048436902833,0,1,1,4,1,0.2793576595106821,0,0,0.9347,1,
2,9,17,1,5,3,2.3839714122766336,1,0,-0.2567283037086994,1,0,1,5,2,0.30607017251771396,0,1,0.9799,1,
3,2,16,0,4,2,1.337517978043183,0,1,-2.7450202458857547,5,0,2,12,2,,1,0,0.7586,0,academic_performance
4,31,14,0,5,4,9.275245345933616,2,0,-1.4175545011003234,4,0,1,7,0,,1,1,0.872,1,
5,18,15,1,5,4,1.5274094214561744,0,0,-0.24368580998484987,1,0,2,5,2,,0,,0.9564,1,
6,22,17,1,2,1,12.010843064177761,0,1,-0.8664263626940598,2,0,1,6,1,0.24072690465321914,0,,0.9221,1,
7,4,17,0,3,4,8.352910612266225,1,1,0.13067299999462412,2,0,1,4,0,0.23628326905354413,0,0,0.9826,1,
8,18,14,1,12,1,7.833672025219984,0,1,-1.3706698766998247,1,0,1,3,0,0.32,0,0,0.7991,0,household_pressure
9,31,14,0,3,3,9.612295146729675,0,1,-0.39872029104178386,1,0,1,5,1,0.23585944998543962,0,0,0.9586,1,
10,17,13,1,4,1,3.76723576449027,0,1,-1.6075613938972857,2,0,1,5,1,0.32,0,1,0.9125,1,
11,40,16,0,3,1,7.164317631667672,,1,-0.31266222579891123,1,0,1,2,2,0.23279494086074726,0,0,0.9252,1,
12,38,14,0,5,5,8.040457408894271,1,0,-0.4158671805379725,1,0,2,10,2,,0,1,0.9764,1,
13,34,14,0,5,4,8.443065276846477,0,0,0.06279198487285576,0,1,3,20,1,0.2367842279486677,0,0,0.9261,1,
14,43,14,1,1,2,10.314042964809003,,1,-1.3854097973549697,1,0,1,2,1,0.28289586138824385,0,0,0.9031,1,
15,34,13,1,4,1,6.9978158834814135,0,0,-2.05951477197538,3,0,1,1,1,0.32,0,0,0.8201,1,
16,9,13,0,5,1,7.015904633369045,2,1,-2.055339000028336,3,0,1,3,2,,0,0,0.92,1,
17,41,15,0,4,2,5.88958714271978,0,1,-1.6931009657104872,3,0,1,4,1,,0,0,0.8513,1,
18,31,15,1,3,2,20.0,1,1,-0.252899511569643,0,0,2,6,0,0.2756055819776074,0,0,0.8685,1,
19,5,14,0,5,1,3.5183117666903545,0,1,-1.8028243172530134,2,0,2,9,0,0.26365523502077803,0,0,0.939,1,
20,15,16,0,8,2,,0,1,0.5719732069187167,0,0,1,9,0,0.23694162361493348,0,1,0.9557,1,
21,8,14,1,4,1,4.690356154002361,0,1,-2.4638365927586423,3,1,2,9,0,0.25611363666251047,0,0,0.7103,1,
22,46,15,1,2,1,4.2658838018527945,0,1,-2.472348675363016,3,0,2,13,0,0.32,0,0,0.5823,0,financial_instability
23,35,14,0,4,4,12.178595353515176,1,1,-0.5931625120680203,0,0,1,10,2,0.18584960459020483,0,,0.9414,1,
24,44,15,0,5,3,9.680209601131486,0,1,-2.0954867081014794,4,0,3,11,0,0.2234958287571595,1,0,0.5908,1,
25,14,13,0,5,4,8.182544934420592,2,1,-1.0138914403802364,1,0,1,7,0,0.266673548276652,0,0,0.9563,1,
26,30,17,0,4,3,3.951127614253684,1,1,-1.217611073794879,2,0,1,4,1,0.29753286945061375,0,0,0.9356,1,
27,29,14,1,4,2,2.940123151898464,0,1,-2.301063098144272,3,0,2,11,0,0.27426069167977013,0,,0.7118,1,
28,36,14,1,4,3,15.139189516257993,0,1,-0.9091536880333273,1,0,1,5,0,0.3097789489213766,0,1,0.8997,1,
29,6,16,0,5,4,2.5217300833568035,1,1,-1.0819204766914075,4,0,2,8,1,0.16579945900947735,1,0,0.8959,1,
30,25,15,0,6,5,10.50979577411439,2,1,0.6595175605832757,0,0,3,12,1,0.21721169958913372,0,0,0.9769,1,
31,31,16,0,3,2,10.378356651044811,1,1,-0.4389634181429168,1,0,1,1,1,0.2459213185988122,0,0,0.9421,1,
32,39,17,1,4,4,,2,0,-0.6981208242478902,1,1,1,8,2,,0,0,0.9711,1,
33,31,16,0,6,4,7.258295780721109,0,1,-0.4384751094963637,1,0,2,10,2,0.27611133801989873,0,1,0.9291,1,
34,22,15,1,4,1,2.7271957132236424,1,0,-2.875063032173783,4,0,1,10,0,0.2871122701278706,1,0,0.7129,1,
35,22,14,1,7,3,5.072723311420497,1,1,-1.1460990926117358,0,1,1,5,2,0.2814751207771552,0,1,0.986,1,
36,16,15,0,3,2,14.764403432053786,1,1,-2.1917571161494527,3,0,1,3,0,0.2688958273525307,0,0,0.7658,1,
37,8,17,0,6,1,4.25771803956729,0,1,-1.6210632168908004,1,1,1,2,2,0.32,0,0,0.9382,1,
38,14,15,1,2,2,,0,1,-0.28002706102602626,2,0,1,7,0,0.3119102245060316,0,0,0.8885,0,psychosocial
39,7,15,1,5,3,,2,1,-1.8444331225308543,3,0,1,5,1,0.3092676646911822,0,0,0.8642,1,
40,11,13,1,6,1,2.9450046218652774,0,1,-1.4115661810276507,3,0,1,5,0,0.2670582209820349,0,1,0.9387,1,
41,41,15,1,0,2,1.7396889235801007,0,0,-0.6206209123115837,2,1,1,9,1,0.3115956744104604,0,,0.9223,1,
42,25,16,0,4,2,0.6086233991239492,0,1,-0.3746924114657636,0,0,1,6,2,0.2656733909969173,0,1,0.9819,1,
43,5,17,0,6,1,9.248962831612479,1,1,-1.1657074091859505,1,0,1,3,2,,0,,0.912,1,
44,21,17,1,2,3,3.3598519076906594,1,0,-0.4146543771757521,0,0,2,6,0,0.19405815631251572,0,0,0.9821,1,
45,13,16,0,3,1,6.337375643781168,,1,-1.4221265737692157,2,0,2,8,1,,0,0,0.8661,1,
46,32,17,0,6,3,4.614560349283906,2,0,0.7328331038466732,0,0,3,14,1,0.23865174642006431,0,0,0.9511,1,
47,40,13,0,4,4,8.987972063412434,2,1,-0.8851246846195502,2,0,1,2,1,0.1631712376726236,0,0,0.9772,1,
48,1,15,1,4,5,9.864171956013573,1,0,-0.46116233234031445,1,1,1,3,2,0.1856535457965459,0,1,0.9844,1,
49,22,14,1,3,1,4.206458046485113,1,1,0.5775980015172171,0,1,3,17,0,0.2732523049101428,0,0,0.9461,1,
50,22,14,0,4,1,5.818275789244561,1,1,-2.744081301150069,2,0,2,10,0,0.32,0,0,0.7888,1,
51,47,17,0,3,2,9.495307940122014,0,1,-0.613770626206925,2,0,1,2,0,0.22841428068216404,0,0,0.9602,1,
52,18,16,0,5,2,5.634998157390335,0,1,-0.35527073882548854,2,0,1,4,2,0.3013607620683528,0,1,0.9225,1,
53,8,15,0,5,2,14.694321135140799,1,0,-1.3388127882904712,2,1,1,4,0,0.24638721552930404,0,0,0.8015,0,commute_distance
54,10,17,1,8,3,4.800123609851328,1,1,-1.512878071167677,1,1,2,13,2,0.19451039149185187,0,0,0.9138,1,
55,23,14,0,5,2,5.761781623786641,0,1,-3.164816323226238,5,1,1,5,1,0.2578064427423656,1,0,0.5032,1,
56,28,17,0,8,1,11.87362720272064,1,1,-2.017569482209104,4,0,1,1,0,0.24200780060354105,1,0,0.5325,0,household_pressure
57,16,14,1,2,1,3.469939384114086,1,1,-0.5224745534226343,2,0,2,7,0,0.23809494102769704,0,1,0.9311,1,
58,21,14,1,5,1,6.33852438480172,1,1,-1.0161925883757752,2,0,1,4,1,0.24885531361669688,0,1,0.9621,1,
59,32,16,1,2,4,6.269945092075027,1,0,0.5350944618170786,0,0,2,7,1,0.2046705119912697,0,1,0.9562,1,
60,15,17,1,8,1,17.51065490876387,2,1,-1.3852799038951087,1,0,2,11,2,0.3095083013062856,0,0,0.7817,0,household_pressure
61,46,13,0,6,1,18.96206279059204,0,1,-2.5206084030034184,3,0,2,7,1,,0,0,0.4379,0,commute_distance
62,10,16,0,6,3,,2,1,-0.7211902273352886,2,0,1,5,2,,0,0,0.8531,1,
63,44,15,1,10,1,9.131284145297048,,1,-1.2540892082606305,3,0,1,10,0,0.22506842426824208,0,1,0.8058,1,
64,42,17,1,3,3,3.5532919414908224,0,1,-1.4850184813388543,2,0,2,17,1,0.2705331742438183,0,1,0.9533,1,
65,45,16,1,4,1,5.4908157233906145,0,1,-1.727885987643895,2,0,1,1,1,0.2574139211074309,0,0,0.9133,1,
66,38,13,0,6,3,10.727167867360942,0,1,-0.08671432907371379,1,0,1,7,1,0.2788369793829953,0,,0.9542,1,
67,25,16,0,2,2,,0,1,-2.0873964838325283,3,0,1,3,1,0.21949697650848893,0,0,0.6107,1,
68,29,17,1,5,1,0.6456165315336903,0,0,-0.6568698986436534,2,0,2,13,0,0.32,0,0,0.7846,1,
69,10,13,1,4,3,3.00176750518119,0,1,-0.49092574227487906,2,0,1,6,1,0.23962195948212534,0,1,0.942,1,
70,17,16,1,5,1,1.2949951406258533,0,1,-1.860373933380793,1,0,1,6,1,0.32,0,1,0.8439,1,
71,22,13,1,5,4,5.446590720435432,2,1,-0.024595073683195634,1,0,1,3,2,0.19634122348971686,0,0,0.9863,1,
72,45,13,1,4,5,,0,0,0.7149145630785988,1,0,1,8,0,0.20835882120043103,0,1,0.9662,1,
73,38,14,1,6,1,,1,1,-0.32758661371838094,1,1,1,5,2,,0,0,0.9855,1,
74,27,15,0,2,2,5.8284932824149935,0,0,-0.8520155105181777,2,0,1,1,1,0.32,0,0,0.8827,1,
75,28,16,1,3,3,5.134773473204393,1,1,-1.2590541045273027,1,1,2,12,0,0.27813898183518726,0,,0.9379,1,
76,21,13,0,7,2,2.4760091466506013,2,1,-2.0237298866474993,1,0,1,5,2,0.32,0,0,0.9559,1,
77,20,13,0,5,3,4.240866735145434,0,1,0.07278075329302125,1,0,2,10,1,0.2543725425295701,0,1,0.9856,1,
78,43,16,1,6,1,4.31616475356792,1,1,-0.9920907586495624,3,0,1,4,1,0.2273064449700316,0,0,0.8565,1,
79,1,14,0,6,2,2.9421228705993667,2,1,0.0708016990009897,0,0,2,13,1,0.32,0,0,0.983,1,
80,16,15,0,7,2,6.981953216418417,,1,-1.2554347888804251,1,0,1,3,0,0.24698672514616968,0,0,0.8903,1,
81,20,15,0,6,3,14.769484435812904,2,1,-0.4919240224126168,1,0,1,6,1,0.28450970940179865,0,0,0.9376,1,
82,33,15,1,4,3,3.5044193361339153,2,1,-1.8206101583477925,2,0,1,2,0,0.2314624005431659,0,0,0.9052,0,other
83,20,14,0,7,3,7.55682790683216,0,0,-1.206362871526638,1,0,3,17,2,0.280484862178898,0,0,0.9388,0,health_related
84,15,17,1,7,4,7.11736577801119,2,1,1.0206241351665999,0,0,1,4,1,0.18362906687221733,0,1,0.9806,1,
85,4,13,0,5,5,2.3422907208204493,0,0,-0.9198530133326741,0,0,1,11,2,0.16898842389704408,0,1,0.96,1,
86,13,16,1,5,1,17.941787642651263,0,0,-0.8556705301600961,1,0,1,5,1,0.29211207777422354,0,1,0.7848,1,
87,5,15,1,3,3,,,1,-0.7215934812327711,3,0,1,3,1,0.2221866054221756,0,0,0.901,1,
88,33,13,1,5,2,13.278184599738093,1,1,-1.7981123707607116,1,0,1,4,1,0.28664266678851846,0,1,0.7878,0,commute_distance
89,21,17,0,5,2,5.556320572406422,0,1,0.07579591231899807,1,0,1,2,1,0.24115392776081865,0,,0.9807,1,
90,11,16,1,4,4,,1,1,-0.6928002374771758,1,0,1,3,1,0.2473716188147188,0,0,0.972,1,
91,26,13,0,2,3,7.302815859429366,0,1,-0.9716826266476379,0,1,2,8,0,0.2220707236414412,0,0,0.8981,1,
92,24,15,0,1,2,,1,1,0.918332210496108,0,1,1,2,0,0.304619684193533,0,0,0.9602,1,
93,23,13,1,5,1,,0,1,-2.116163692262407,2,0,1,6,0,0.2643838724694769,0,0,0.6346,0,psychosocial
94,28,13,1,5,4,16.57366122486976,1,0,-0.15798284388985712,1,1,1,5,0,0.24781266331123503,0,0,0.7879,1,
95,30,14,1,8,4,7.817695054732423,1,1,-1.4338477187588967,3,0,3,16,1,0.2607863788208989,0,1,0.8155,1,
96,9,14,0,3,3,8.978219971709757,0,0,-0.8229847765295136,1,0,1,4,0,0.27584646049275763,0,0,0.9355,1,
97,8,17,1,8,4,5.556202609327058,1,0,-0.21115205097343448,2,0,1,6,1,0.25150088239887586,0,0,0.903,1,
98,35,15,1,2,1,2.6866093715996557,1,1,-0.3540036153077204,0,0,1,13,1,0.29981386112274033,0,0,0.9396,1,
99,46,15,0,0,2,3.376320250292291,1,1,1.177197406164915,0,0,2,15,0,0.3065009434614137,0,0,0.9528,1,
100,26,17,1,7,2,3.7708374629642822,,0,-2.4383905909047443,3,0,1,8,1,0.31818734803028065,0,0,0.7244,1,
101,22,13,1,7,4,7.136540347932407,2,0,-1.2153514861966235,2,1,1,4,2,0.18766953094980657,0,1,0.903,1,
102,30,17,0,5,1,6.505384823438932,0,1,-2.1390307733636638,2,0,1,4,0,0.2594492272129236,0,0,0.7179,0,psychosocial
103,2,13,1,0,1,9.316402144129233,1,1,-2.48958740571502,3,0,2,9,3,0.2829815317374649,0,1,0.738,1,
104,18,13,0,3,5,2.2688284902838065,,1,-0.7178898949751052,1,0,1,2,2,0.20758682408070286,0,0,0.9851,1,
105,17,13,0,2,1,,0,1,-1.396630795874409,2,0,1,2,1,0.32,0,,0.9115,1,
106,20,15,1,7,4,2.2942121926312558,0,1,-0.392178186985466,1,0,1,1,3,0.26967689561286246,0,1,0.9892,1,
107,35,17,0,4,2,20.0,0,1,-1.0851800258883122,2,0,3,17,1,0.29780700613432276,0,0,0.4691,0,health_related
108,24,17,1,4,4,8.338250133252018,0,0,-0.723920414068115,2,0,2,6,2,0.2648622335994984,0,,0.9002,1,
109,41,13,0,8,1,17.58094728672795,0,0,-1.8978320399786304,1,0,1,7,1,0.3076805369392227,0,0,0.4681,0,household_pressure
110,23,16,0,8,4,3.443930437204897,0,1,0.16934475251795417,0,0,1,5,2,0.23503806909459668,0,1,0.984,0,household_pressure
111,2,17,1,6,5,,0,0,-0.803312011141643,1,0,1,6,1,0.2279478648431804,0,,0.8859,1,
112,32,17,0,7,3,2.657765371912865,1,1,-0.7119284504516147,0,0,1,5,1,0.25221576091621767,0,0,0.9575,1,
113,38,14,1,3,2,9.36818042023614,0,1,-0.7641511472752188,0,0,1,3,0,0.264988820901211,0,,0.959,1,
114,28,15,1,2,5,8.491495553071154,2,1,0.11595654046275922,0,0,1,7,1,0.2191419262869825,0,0,0.9706,1,
115,45,14,1,7,4,1.233118957961113,2,1,0.2050097226151754,0,0,2,7,1,0.21441508836694248,0,1,0.9882,1,
116,20,14,1,6,3,3.158673956341341,1,1,-1.8750153374689187,3,1,1,2,0,0.2979113994600683,0,0,0.9478,1,
117,38,17,1,8,2,9.877156183058549,1,1,-1.5819982102018424,2,0,1,7,1,0.23957771411769824,0,0,0.9114,1,
118,1,15,0,3,4,0.8333751045991856,2,1,-0.7187903321449409,2,0,1,4,2,0.24629484723067813,0,0,0.9922,1,
119,2,15,0,3,5,14.099895861227088,2,1,0.0892251669814284,1,0,1,5,1,0.24686253615866233,0,1,0.9406,1,
120,38,15,0,6,3,6.2366631773064505,0,0,-1.9624780351617062,4,1,2,6,0,0.2777845815778014,1,0,0.8498,1,
121,42,14,1,4,2,4.680453418270451,,1,-0.6466797167871678,0,0,1,3,1,0.30968373234759083,0,0,0.9269,1,
122,25,17,1,8,5,3.7938434213562946,2,1,-1.899293323179396,2,0,1,6,2,0.1790552425670485,0,,0.9752,1,
123,36,15,0,5,1,6.34423250485735,0,1,-3.2702208139806705,3,0,1,6,2,,0,0,0.7587,1,
124,16,14,1,2,2,7.017140947643336,,1,-1.4219067028742123,2,0,1,4,1,0.2961349233428386,0,0,0.8632,1,
125,35,15,0,6,5,,2,0,-0.7329168493848383,1,1,1,7,0,0.227673007398683,0,0,0.9875,1,
126,24,14,1,4,3,6.729591318074063,0,1,-0.6209716881952736,1,0,2,9,1,0.22062926448960335,0,1,0.9495,1,
127,15,15,1,2,1,15.70312889636307,0,0,-0.8965447673944542,2,0,1,4,0,0.2672759840737946,0,0,0.584,1,
128,5,16,1,5,3,7.586913128057306,0,1,-0.5344976120535849,1,0,1,4,1,0.29798860296270546,0,1,0.9701,1,
129,9,17,0,3,5,2.0419705670704738,0,1,-0.8629469009741031,1,0,1,5,1,0.19928552733811156,0,1,0.9883,1,
130,43,15,1,4,5,8.540235266685267,0,1,-0.43167479283224547,1,0,1,3,1,0.18746295739356778,0,0,0.9684,1,
131,21,16,1,6,2,6.5265622564659465,1,1,-1.6883061156946821,2,0,1,4,0,,0,0,0.9389,1,
132,47,15,1,4,1,6.877497013818516,,1,-0.6476547607639263,0,0,1,3,1,0.3193073508115051,0,,0.9422,1,
133,17,13,1,2,2,11.161305859125696,0,1,-2.0825493246511266,1,0,2,7,1,0.291443963309884,0,0,0.9312,1,
134,3,17,0,5,1,,1,0,-1.9750985554037734,3,0,1,6,0,0.32,0,0,0.6718,1,
135,13,17,1,5,1,2.318587337922419,2,1,-2.976873104437307,3,0,1,3,2,0.23369887764877972,0,0,0.8621,1,
136,17,16,0,4,2,,2,0,-2.543033481420241,4,0,2,11,0,0.24023430959248682,1,1,0.7987,1,
137,33,13,0,2,4,2.637052955976903,1,0,-0.9902404708407401,2,0,1,5,2,0.22163433916841796,0,1,0.9154,1,
138,35,16,0,6,3,6.0165169508332355,0,1,-0.6826044227590264,1,0,1,8,0,,0,0,0.9441,1,
139,35,14,1,1,1,15.53282101935903,0,1,0.16030061231034742,1,0,1,3,0,0.32,0,0,0.859,1,
140,15,17,1,3,4,11.906800408662885,1,1,-0.8201087399105939,1,0,1,5,1,0.26845961996297374,0,0,0.8906,1,
141,18,13,1,8,2,10.38903513523218,0,1,-1.1424396066342273,2,0,1,8,1,0.27133395470006766,0,1,0.7375,1,
142,27,16,0,4,1,6.466250690090296,1,1,-2.7212612149347817,4,0,1,8,0,0.32,1,0,0.604,1,
143,29,14,1,7,3,3.924448200909621,1,1,0.15581213221333223,1,0,1,6,1,0.27500895673967735,0,1,0.9595,0,household_pressure
144,20,17,1,2,1,10.526432068506157,0,1,-1.1465515246768887,0,0,1,5,0,0.32,0,0,0.9354,1,
145,9,16,0,6,1,3.743939955991946,0,1,-1.680235514848711,3,0,1,5,1,0.2696041572805237,0,0,0.8424,1,
146,37,16,0,6,4,10.32004695180354,2,0,-0.2580051546647294,0,0,1,7,2,0.21454328614935494,0,,0.9547,1,
147,25,15,1,7,2,6.349628525834606,0,1,-2.713181756529422,2,0,1,5,1,0.27343655128596256,0,1,0.9028,1,
148,46,15,1,2,3,6.9442417143367265,0,0,-2.0249296508718038,1,1,1,6,0,0.23899163962787903,0,0,0.9075,1,
149,45,16,1,4,2,,0,1,-1.0133277150670446,2,1,1,6,1,0.31915710960156163,0,0,0.8657,0,financial_instability
150,42,14,0,5,5,1.3683257644722815,2,0,-0.8744680518106346,1,0,2,11,1,0.16628784658257123,0,0,0.9623,1,
151,46,15,1,6,1,2.9019424958867184,2,1,-4.0,7,0,1,3,0,0.25850160699691815,1,0,0.5194,0,academic_performance
152,30,14,0,5,5,12.172148878466725,2,1,1.054176267224661,0,0,1,9,0,0.18325992045647976,0,0,0.9543,0,psychosocial
153,15,14,1,5,3,,0,1,-0.6561598811192464,2,0,1,6,1,0.30474220266789154,0,1,0.9312,1,
154,8,15,0,2,5,1.532810818263507,0,0,0.9172708839615995,2,0,2,14,1,0.2361035222578485,0,1,0.981,1,
155,5,16,0,7,1,16.10526669091656,0,1,-2.9663890235453407,4,0,3,15,0,0.32,1,1,0.6437,1,
156,45,13,0,3,2,9.367096236053122,0,1,-1.885778240344793,5,0,1,1,2,0.31413298804836065,1,0,0.8007,1,
157,13,17,1,2,1,2.350599445171259,2,1,-2.5570087438847997,4,0,3,28,1,0.28940682216452923,1,0,0.5614,1,
158,2,13,0,1,5,20.0,2,1,0.03969139900880525,0,0,2,9,2,0.22825229367321742,0,0,0.945,1,
159,2,15,0,4,2,3.053285002797357,1,1,-2.2454103600534987,3,1,1,4,2,0.2940991363780804,0,0,0.8042,1,
160,14,16,0,5,1,6.004031529403907,1,1,-1.8395920760045559,2,0,1,3,0,0.264635791548602,0,0,0.86,1,
161,47,14,0,2,3,6.648559682156441,2,1,-1.0523434350218879,1,0,1,6,0,0.24422302984766137,0,0,0.9686,1,
162,14,16,1,6,4,4.503539898048557,2,0,-0.7709599592849421,2,0,1,4,1,0.26081656332802244,0,0,0.9676,1,
163,5,15,1,4,3,18.76764998965828,1,1,-1.6404416490540152,3,0,1,0,2,,0,0,0.8847,1,
164,32,13,0,6,1,2.827860268241709,1,1,-2.1484056304904557,1,0,3,12,1,0.30571781229721423,0,0,0.8482,0,health_related
165,3,17,1,5,2,4.089372921402929,0,1,-1.6201313294896886,2,1,2,11,0,0.32,0,,0.8497,1,
166,23,13,1,8,3,8.038302000356484,0,1,-3.020228756917458,4,1,1,6,1,0.2538364568757246,1,1,0.8961,1,
167,5,13,0,4,2,9.240218361652385,0,1,-2.371529156788024,4,0,1,2,0,0.20585026915772286,1,,0.8959,1,
168,5,16,0,4,1,4.548519846851306,1,1,-1.3383789193678644,2,1,2,11,1,0.2364117486078574,0,,0.9499,1,
169,17,13,0,5,2,2.6725119798829184,0,1,-1.7222676647772928,4,0,1,4,2,0.2885832196276436,1,0,0.8399,1,
170,1,15,0,2,2,8.028017234974552,1,1,-1.6356554428366041,3,0,1,6,1,0.32,0,1,0.9499,1,
171,40,13,1,2,1,6.943329241466948,1,0,0.3036862211809104,0,0,1,6,1,0.32,0,0,0.959,1,
172,29,15,1,7,3,7.89335780350173,0,1,-1.840346842807896,3,0,2,13,0,0.2781142432068384,0,1,0.6878,0,health_related
173,44,17,1,2,4,8.986328823929043,0,1,-1.1117304628749372,1,0,1,5,1,,0,1,0.9609,1,
174,24,13,0,1,1,3.101746803704765,,0,-1.174373801984406,2,0,3,14,0,0.2243437955784152,0,0,0.8281,1,
175,27,15,1,3,4,8.557776993425254,1,0,-0.4225722000380693,2,0,1,2,1,0.24896907823202996,0,0,0.9292,1,
176,29,17,0,3,2,2.817930255756741,0,0,-2.506031968698487,4,0,1,5,1,0.32,1,0,0.6493,1,
177,22,14,1,5,2,3.9306909466295097,0,1,-0.1513308239534359,2,0,1,6,1,0.3167512030597277,0,0,0.8814,1,
178,27,14,0,5,3,12.53634860152018,,1,-1.1605234125085206,1,1,1,5,1,0.22152343628194526,0,1,0.9584,0,commute_distance
179,27,15,0,8,1,7.63799705823943,2,1,-1.49682237527533,2,0,1,3,0,0.2869209684755419,0,0,0.8873,1,
180,42,14,1,4,2,4.2905957171936135,0,1,-2.9484588796821836,4,0,1,9,0,0.3017347890229122,1,1,0.748,1,
181,15,13,0,7,4,8.883743297756237,1,0,-1.02314006986078,1,0,1,5,1,0.23944098023593519,0,1,0.96,1,
182,44,15,1,4,2,8.800353577104643,0,1,-1.8824523796762194,3,1,1,10,1,0.28137237054181247,0,1,0.8715,1,
183,9,17,0,6,5,9.915203324049212,0,1,-0.5370431017618416,1,1,1,3,2,0.17989595381238785,0,1,0.9711,1,
184,9,15,0,7,2,8.251070683927793,0,0,0.193983974793983,1,0,1,2,2,0.2091275575946006,0,1,0.9351,1,
185,12,14,1,7,1,15.598284412456279,0,0,-1.9917618256974785,2,0,1,9,0,0.253350324936404,0,0,0.6514,1,
186,45,17,0,4,3,6.395651259458855,2,1,0.15905674181092586,0,1,1,9,1,0.2718033017257295,0,0,0.991,1,
187,12,13,0,2,4,6.059008087045475,0,1,0.07904938181930005,1,0,1,6,1,,0,0,0.9747,1,
188,38,14,0,9,4,12.734670154463153,1,0,-0.917026854301531,2,0,1,5,1,0.27066195112427927,0,0,0.8095,1,
189,28,17,1,6,1,,0,1,-0.09008662576199633,1,0,1,5,2,0.2631935875373673,0,0,0.9176,1,
190,31,13,0,5,1,,0,1,-3.0352860232156775,5,0,1,3,0,0.25613810497056455,1,0,0.3021,0,academic_performance
191,4,17,0,9,2,4.416909147089708,1,1,-0.9502976503379145,0,0,3,20,0,,0,0,0.8626,1,
192,32,13,0,4,2,0.6038099513699264,0,1,-0.8807177700630803,2,0,1,5,1,0.208581812166276,0,0,0.9378,1,
193,4,14,0,6,1,11.83765436890546,0,1,-3.220562005623091,4,0,1,7,1,0.28357523305932564,1,0,0.5496,0,academic_performance
194,26,16,1,8,1,1.8816794105769887,0,0,-1.165043773112135,0,0,1,3,0,0.2696528998110191,0,1,0.7834,1,
195,37,16,1,5,4,4.684499216843235,,1,-1.371076008160403,3,0,1,6,1,0.1933644654244684,0,1,0.9143,1,
196,44,14,0,6,2,,1,1,-1.9454797311048022,2,0,1,6,2,0.32,0,0,0.8008,1,
197,47,14,1,2,5,,1,1,-0.7475905324457068,2,0,2,9,0,0.15642506776867102,0,0,0.9847,1,
198,11,17,1,4,3,7.552667298311069,1,0,-2.1271173251301154,2,0,1,6,3,0.28489247821585445,0,0,0.9362,1,
199,37,15,1,4,1,12.736835712608329,2,1,0.06390544419681898,1,0,1,6,0,0.2226528172093418,0,0,0.9173,1,
200,29,13,0,6,3,8.690044855210356,1,0,-1.4511506455829006,3,0,1,4,3,0.20431971132489216,0,0,0.8426,1,
201,35,16,1,5,1,6.463050366356736,1,1,-2.127634397532289,3,0,1,8,1,,0,0,0.8936,1,
202,39,15,1,2,2,3.0357300512735623,0,1,-0.4613698516773869,1,1,1,3,2,0.20503408864628042,0,0,0.9806,1,
203,23,13,0,5,2,12.876111518706256,0,1,0.6878343327521217,0,0,1,3,3,0.23182051787639824,0,1,0.9624,1,
204,7,16,1,5,1,3.2254193634760098,0,1,-1.5457282957065255,1,0,1,4,0,0.23502056992753903,0,0,0.9405,1,
205,38,15,0,6,5,1.9183299066022101,2,1,0.15551161204893013,1,0,2,12,0,0.18381816393237152,0,0,0.9889,1,
206,29,15,0,7,2,16.71058537215987,2,1,-0.30622922612504766,2,1,1,1,1,0.30320836246798427,0,0,0.764,1,
207,7,17,0,5,3,5.290283558470192,0,1,-2.271697542979189,1,0,1,3,0,0.22043774177379744,0,0,0.8846,0,psychosocial
208,19,15,1,1,2,8.94189826621529,1,1,-0.37818161798978883,1,0,1,5,1,0.28932628822767986,0,0,0.9456,1,
209,7,13,1,4,3,3.9442966284370313,1,1,-2.327852667742251,4,0,1,3,0,0.2013623586843472,1,0,0.8108,1,
210,37,17,1,3,4,,,1,-1.0071078116995962,2,0,1,3,3,0.181153270909252,0,1,0.9289,1,
211,16,14,0,9,1,7.324688974873434,2,0,-2.5391485461675147,2,0,1,4,1,,0,0,0.6538,0,household_pressure
212,4,15,1,2,2,6.935926426736645,2,1,-1.5731528033223312,3,0,3,14,1,0.28990845086259065,0,1,0.8713,1,
213,14,15,1,8,3,8.43774468329,0,1,0.2716169435016497,0,1,1,6,3,0.20797516853212297,0,0,0.9835,1,
214,29,17,0,9,1,7.952927389467335,0,1,-0.26676700164352096,1,0,1,4,1,0.25556540552620927,0,0,0.8881,1,
215,28,13,0,8,3,3.098260455031521,1,1,-1.2396500842487264,3,0,2,12,0,0.2822331556400118,0,0,0.8283,0,health_related
216,41,14,0,5,5,3.7706196801768144,2,1,0.2833109636033925,0,0,1,2,0,,0,,0.9887,1,
217,17,14,0,6,4,3.5203313764177215,1,1,-1.7709699578393536,3,0,3,21,1,0.2574873535155501,0,0,0.8128,1,
218,30,15,1,4,3,2.577855023141689,0,1,-1.4875066769280623,3,0,1,5,0,0.3004547528324248,0,1,0.9064,0,academic_performance
219,45,14,1,6,1,20.0,0,1,-1.9426708364712477,1,0,1,7,0,0.32,0,0,0.1316,0,commute_distance
220,16,16,0,9,1,11.287144169631585,2,1,-2.6037626726905176,2,0,1,4,1,0.32,0,0,0.5911,1,
221,2,13,1,2,4,1.7261052058562907,2,1,0.1946453452613136,1,0,1,3,1,0.16987559572187869,0,1,0.9939,1,
222,31,17,1,4,4,,2,1,-0.1695925506701994,0,0,1,6,2,0.20193799550481986,0,1,0.9425,1,
223,29,17,1,4,4,0.591755901338506,1,0,-3.2644278194760843,5,0,1,7,1,0.24131849523752,1,,0.7617,1,
224,16,13,1,9,2,6.155046474655981,0,1,0.019860484100593656,0,1,2,15,0,0.2216322543365269,0,0,0.9155,1,
225,27,16,1,4,1,8.261057477252878,0,1,-3.3649200839824434,4,0,2,9,0,0.2845780036650357,1,0,0.5846,1,
226,32,17,0,5,3,2.334084603254427,0,1,-1.021389230757701,2,0,1,3,1,,0,1,0.9543,1,
227,39,14,1,3,3,7.362602669408846,1,1,-1.0615510833064716,1,0,2,13,0,0.24089514910667778,0,1,0.9212,1,
228,7,16,1,5,1,3.122851912342045,0,1,-3.191717664108494,4,0,1,6,1,0.2894244504761528,1,0,0.6543,1,
229,23,17,0,5,2,15.688893883825854,0,1,-2.2391826898861775,3,1,1,2,1,0.21253084865360067,0,0,0.72,0,academic_performance
230,14,17,1,6,3,4.60992692151505,0,1,-1.1778236035303844,1,0,1,6,1,0.25610670010654646,0,0,0.9446,1,
231,16,15,1,4,1,13.615409846413684,,1,-4.0,6,0,2,9,2,0.32,1,,0.1451,0,academic_performance
232,2,16,0,3,2,13.362575724811217,0,0,-0.5510792678346281,1,0,1,6,1,0.2321830475353842,0,1,0.8127,0,commute_distance
233,20,13,0,2,1,6.4913158184230415,0,0,-1.3889662730961045,3,0,1,5,1,0.2256669384038271,0,,0.8671,1,
234,4,15,0,7,4,5.037316768182775,1,0,-0.657332558730662,1,1,1,3,1,0.1745681921683515,0,1,0.9758,1,
235,44,16,1,3,2,5.715781772024268,0,1,-1.045190582837551,1,0,1,1,2,0.2573895325135993,0,0,0.9416,1,
236,27,16,0,2,3,5.960786160661008,2,0,-0.7872043212101404,1,0,1,8,1,,0,0,0.9587,1,
237,20,14,0,3,2,6.502945468761098,1,1,-2.810217880115135,3,0,1,7,0,0.27241684028020996,0,1,0.8815,1,
238,11,14,1,5,2,14.454802444163942,0,1,-0.8815518052272691,3,0,2,12,0,0.227335991353847,0,0,0.7254,1,
239,45,16,1,7,1,1.0936876718790953,0,1,-1.4337547126799441,1,0,1,4,0,0.3183632538135591,0,0,0.9422,1,
240,25,13,1,9,2,7.234373025324687,1,1,-1.952726493720868,1,1,1,6,0,0.2858637860444268,0,,0.8715,1,
241,47,14,1,4,5,1.6665820692252917,0,1,-0.13611559341598056,0,1,2,5,1,0.1990096443920804,0,0,0.991,1,
242,31,16,1,5,4,10.919209213143388,0,1,-0.8702620266310532,2,0,1,4,1,0.21812861776861223,0,1,0.9271,1,
243,47,16,0,8,3,,0,1,-2.95837159741043,4,0,3,14,1,0.29008154241994977,1,0,0.7032,0,health_related
244,42,17,0,8,4,3.8915538534450036,0,1,0.2499013220813444,1,0,1,6,0,0.2260504608437734,0,1,0.9425,1,
245,35,16,1,3,1,15.900342038961488,0,0,-2.3666837866499613,2,0,1,7,1,0.28153310822303274,0,0,0.7226,0,financial_instability
246,17,17,1,6,4,1.881007624599868,0,0,1.007412667286341,1,0,1,8,2,0.20845591329414093,0,,0.9681,1,
247,37,14,1,2,4,4.282726491270624,1,1,0.30856031421784524,0,0,2,6,0,0.23493413855370548,0,1,0.9884,1,
248,15,15,0,5,3,2.0269225714810277,1,0,-1.3248655751562353,2,0,1,7,1,0.24742170647233475,0,,0.9212,1,
249,41,16,1,4,5,1.372339924044518,1,0,0.29155157004726623,1,0,3,16,0,0.2385877436231708,0,0,0.9482,1,
250,15,16,0,3,1,,2,1,-1.218479582830597,1,0,3,18,0,,0,0,0.8749,1,
251,4,14,1,1,1,8.589226018482718,2,1,-1.467341448989115,2,0,1,4,0,0.2944407871746368,0,,0.8459,1,
252,6,16,0,5,5,1.2101456824354475,1,1,0.0841230195703378,0,0,1,4,0,0.2183445115994258,0,0,0.982,1,
253,22,13,0,3,2,14.839663196569001,0,0,-0.8309205581910727,2,0,1,4,0,,0,1,0.8764,1,
254,32,14,0,2,5,2.545389729002856,0,1,0.7645506838622285,0,0,1,4,2,0.2320519551341629,0,,0.993,1,
255,14,16,1,7,2,11.490643094870661,1,1,-0.4358052276678232,1,0,1,4,0,0.32,0,1,0.8992,1,
256,39,16,1,2,2,3.3505534570430946,2,1,-1.7283716603312207,2,0,3,13,1,0.32,0,1,0.952,1,
257,13,13,1,8,4,1.2951634762128599,1,1,-1.5892570742019156,3,0,3,19,1,0.23146047894677746,0,0,0.8136,1,
258,23,17,1,6,2,2.8007818625312604,,0,-2.2326711897450915,1,1,1,5,2,0.21607078661538165,0,0,0.9213,1,
259,16,16,1,8,1,3.1300566024201397,0,1,-1.9867006411971646,3,0,1,5,1,0.26511442791914097,0,0,0.7609,1,
260,27,14,0,4,2,8.951630966710706,0,1,-1.2635771905062647,1,0,2,9,0,0.234631496035903,0,0,0.9105,1,
261,9,16,1,4,1,12.743652489198686,0,1,-0.004681880194636556,0,0,1,5,3,0.2679092899307093,0,0,0.9477,1,
262,46,14,1,3,5,3.1947880656598366,0,0,0.0462593950736304,1,0,1,4,1,0.21217595770920505,0,0,0.9486,0,psychosocial
263,44,13,0,3,4,1.2916553199363638,0,0,-1.78639062220531,3,0,2,10,0,0.20839596063759877,0,0,0.8255,1,
264,33,15,1,3,1,4.1670658771031155,1,0,-2.0767904264410424,3,0,1,7,2,0.32,0,0,0.5291,0,financial_instability
265,25,17,1,4,2,4.31848952785116,1,1,-0.09173976917216531,1,0,1,4,1,0.2180740584979316,0,0,0.9806,1,
266,36,17,1,8,4,5.063224317339463,2,1,-0.37986443094794176,3,1,1,4,0,0.2462068222203722,0,0,0.9496,1,
267,23,13,1,3,1,4.110718486877902,0,0,-3.089079685157004,4,0,1,2,0,0.2280164273493928,1,0,0.755,1,
268,42,16,1,8,1,8.05082883518293,,1,-1.1179623026437626,2,0,1,4,0,0.23222430489128976,0,0,0.833,1,
269,4,13,1,4,1,3.642122068020777,0,1,-2.702366210017469,4,0,1,2,3,0.2449080243649728,1,0,0.8574,1,
270,11,17,1,4,5,4.425506624726137,1,1,0.3301415389822553,0,1,1,4,2,0.1551045411396934,0,0,0.9932,1,
271,22,15,1,3,2,11.274603349270823,0,1,-2.809635493806322,5,0,3,11,0,0.32,1,,0.7212,1,
272,31,17,0,5,1,1.8208177792966416,0,1,-1.5200015281505943,4,0,1,2,0,0.30648266020282117,1,0,0.9001,1,
273,34,15,0,6,1,14.992175786575896,0,1,-1.807137296746439,1,0,3,15,1,0.32,0,0,0.6071,0,health_related
274,34,16,1,7,1,,0,0,-2.927135319713077,4,0,1,5,0,0.32,1,1,0.6502,1,
275,45,13,1,10,3,7.511437966142254,2,0,-1.0216045200276063,2,0,2,11,1,,0,0,0.8572,1,
276,40,16,1,5,1,,1,0,-1.955915484923674,1,0,1,5,0,0.32,0,0,0.888,1,
277,44,15,1,5,3,2.308202866521707,0,1,-0.3426035180483858,0,0,1,5,1,0.22252197386095734,0,0,0.9596,1,
278,17,13,1,6,5,7.884208694625973,1,0,-1.479047424956474,2,0,1,8,2,0.16782005484535598,0,1,0.9265,1,
279,33,15,0,5,3,7.231298595883165,1,0,-1.6027755196616598,3,0,1,3,1,0.25791280111648673,0,0,0.7365,1,
280,33,14,0,7,1,20.0,0,1,-2.379545546492607,3,0,1,8,0,0.2312588832174153,0,1,0.1722,0,commute_distance
281,29,13,1,5,1,,0,1,-2.0598706529815636,4,0,1,4,0,0.2577220257969981,1,0,0.5092,1,
282,29,17,0,6,2,4.0502307990072834,0,1,-1.4586322786901302,3,0,2,10,0,0.32,0,0,0.7083,0,financial_instability
283,25,16,0,4,2,4.256316109424691,0,1,-1.753764816356247,2,0,1,6,2,0.2872338846355526,0,1,0.9333,1,
284,20,15,1,4,1,15.904808320046012,0,1,-1.8995496297629946,2,0,2,8,1,0.24486361609684126,0,0,0.7868,1,
285,7,14,0,6,1,10.881435227242287,0,0,-1.358068217953115,1,0,2,10,2,0.32,0,0,0.7599,0,financial_instability
286,5,14,1,1,4,3.094563846098159,1,1,0.1250648293961884,0,0,3,18,0,0.16488708393284093,0,0,0.9849,1,
287,1,16,1,6,3,6.916478771980386,1,0,-1.3303916045159072,2,0,1,7,1,0.24628005711237355,0,0,0.9294,1,
288,17,13,0,3,4,5.944441125939897,0,1,-0.20248326980969872,1,0,1,8,0,0.23823937500348163,0,0,0.9416,1,
289,18,15,1,6,2,3.7263928328879166,1,0,-0.8570541378639667,2,0,1,3,0,0.31580538860431784,0,0,0.814,1,
290,46,14,1,8,1,6.488945359223218,0,1,-1.5189693395014199,2,0,1,3,1,0.32,0,1,0.8942,1,
291,12,13,0,11,3,,1,1,-0.2633879208558212,1,0,1,6,1,0.23603851903579634,0,0,0.9643,1,
292,11,15,1,1,2,,0,1,-0.7965382231265706,2,0,1,7,1,0.21030454137493992,0,1,0.9575,1,
293,3,14,0,4,2,,1,1,0.7226480175991372,0,0,1,9,1,0.21558190380620207,0,0,0.9531,1,
294,6,17,0,3,4,2.844999499968931,2,1,0.9680560239705125,1,0,3,12,2,0.16730723638431672,0,0,0.9867,1,
295,31,16,0,2,5,2.7906821533870017,1,0,-0.2172445116659948,0,0,1,5,2,,0,0,0.9775,1,
296,18,14,0,4,4,0.513583192675123,0,0,-1.1689030172423718,2,0,1,3,3,0.22205127279255293,0,0,0.9306,1,
297,30,17,1,4,4,11.809747500515831,2,1,0.6095546036790722,0,0,1,5,2,0.27888334126209857,0,1,0.956,1,
298,5,16,0,8,3,0.641822906763461,,1,-0.8608699475574285,2,0,1,5,1,0.20994981082513153,0,0,0.9896,1,
299,36,15,1,6,2,8.279343861020331,1,1,-0.8882197948804252,2,0,2,7,1,,0,0,0.8404,0,financial_instability
300,13,13,1,3,4,3.4624465498195423,0,1,-0.5770532208085629,0,1,1,3,0,,0,1,0.9895,1,
301,3,13,1,5,4,2.4371934714754495,0,1,-0.5870289022282709,1,0,2,10,0,0.18668440361085747,0,1,0.9602,1,
302,43,17,0,1,1,,1,0,-1.2897769184949848,0,0,1,9,0,0.29978148559575046,0,0,0.8988,1,
303,17,15,1,3,5,1.9314178633985621,2,0,-0.43162526394930195,1,0,1,11,0,0.1489022131557262,0,0,0.9514,1,
304,15,17,1,5,5,1.850162136364949,0,0,-0.5172373644285891,2,0,1,6,1,0.24502088307022965,0,0,0.9698,1,
305,3,15,0,9,2,5.496598445428958,,1,-1.759929613167269,1,1,1,5,1,0.32,0,1,0.9111,0,household_pressure
306,28,15,1,2,2,7.664158980913036,0,1,-0.9874642222095364,2,0,1,3,1,0.22573294865481425,0,0,0.8219,1,
307,14,17,0,5,2,5.288958895447555,0,1,-0.5708833337398886,3,0,1,8,1,0.22165713681142085,0,0,0.9379,1,
308,12,15,1,8,3,2.258553915930344,1,1,-0.7304907555121294,3,0,1,4,1,0.2528257391971758,0,0,0.919,1,
309,32,15,1,4,2,4.224054225704161,0,1,-1.3665611221129872,3,1,1,3,2,0.20318991761389668,0,1,0.9501,1,
310,32,17,1,8,1,20.0,0,1,-0.6789825394585658,0,0,1,9,0,0.25924960305858935,0,0,0.6194,1,
311,7,14,1,0,5,1.882657681452934,1,1,-0.6805367553635363,1,0,1,6,2,0.18158738558515347,0,0,0.9794,1,
312,6,14,0,4,3,18.374139115093694,0,1,1.3100811481185977,0,0,1,10,0,0.23064736841133737,0,0,0.9047,1,
313,12,17,1,1,5,9.040195743373632,1,1,-1.4943797821111429,2,0,1,2,1,0.20318494442542265,0,0,0.9777,1,
314,38,17,0,5,3,8.956109172911749,1,1,0.5013129522723907,1,0,1,4,0,0.2376476428238788,0,0,0.9818,1,
315,13,17,1,7,2,17.75330226907771,,1,-0.7675719504218481,1,0,2,8,2,0.3196763141726504,0,,0.8384,1,
316,20,17,1,5,4,2.301964479520808,2,0,-1.7844107586884026,2,1,1,5,0,0.20820074519018444,0,1,0.975,1,
317,7,13,1,5,1,,0,1,-0.8164953064564568,1,0,1,7,1,,0,0,0.8203,1,
318,9,17,0,3,5,4.518055644720636,1,1,2.908063643901753,0,1,1,8,3,0.238408150921948,0,1,0.9981,1,
319,32,13,1,7,2,5.757101112608171,0,1,0.31322838468682523,0,1,2,9,0,0.2765726306333032,0,0,0.9317,1,
320,36,17,0,7,2,2.758566162262942,0,1,-0.8113796324707918,1,0,1,6,3,0.23912242453204294,0,,0.966,1,
321,41,16,1,3,3,9.572352941591074,1,1,-1.8333866487475166,2,1,2,10,1,0.22550604910354774,0,,0.922,1,
322,27,15,0,4,2,,1,1,-1.7003897788938187,4,0,2,11,0,0.20537835917550024,1,0,0.8333,1,
323,14,15,1,4,2,4.01329556742129,0,1,-0.08566987688340358,0,0,1,9,0,0.23709003604853462,0,1,0.9508,1,
324,21,16,0,3,2,1.8382504143622866,0,1,0.8181839798762591,0,0,1,6,0,,0,0,0.9877,1,
325,8,16,0,6,1,1.9613385443331182,0,0,-0.9160503241700857,1,0,3,20,1,0.32,0,0,0.6933,0,health_related
326,12,15,0,6,3,3.0924407628470734,0,0,-1.3839175911851633,4,0,1,5,3,0.19400345188610574,1,0,0.859,1,
327,23,13,0,5,3,3.9237179065639816,0,0,-1.2951615971771582,0,0,1,7,0,0.2195468904784974,0,0,0.938,1,
328,37,14,0,3,2,9.729848932247169,0,1,-2.133617689561631,1,0,1,4,0,0.23215817305107797,0,0,0.8339,1,
329,13,13,0,4,2,4.527264594214471,0,0,-1.2326547379891264,0,1,1,1,1,0.32,0,1,0.9587,1,
330,18,17,0,5,1,3.027466112534932,0,1,-2.8289312887376714,5,0,2,10,1,0.24731527378833798,1,1,0.6097,1,
331,2,17,1,5,2,2.637143228859857,0,1,0.9406945988358346,0,1,1,2,1,0.2909717216406393,0,0,0.9802,1,
332,3,13,1,5,4,,0,1,-2.7267899539754534,1,0,1,5,2,0.22048246039489144,0,0,0.9096,1,
333,26,16,1,6,2,2.593260570990029,0,1,0.9166082581613555,0,0,1,7,1,0.23527766687395124,0,0,0.9504,1,
334,46,14,0,3,1,2.2846374684732678,0,1,-2.5320646994622016,5,0,3,11,0,0.32,1,0,0.5415,1,
335,28,15,1,9,1,4.574899408001102,,1,-0.9047185983032178,0,0,1,2,2,0.22125824619238482,0,1,0.9762,1,
336,2,17,1,13,2,4.118406452854299,1,1,-1.1095045946540838,2,0,1,3,1,0.31656080282961635,0,0,0.717,1,
337,27,15,1,3,2,1.506951352663626,0,1,1.0852075485562174,0,0,1,0,1,0.28314821168600846,0,0,0.9898,0,financial_instability
338,6,17,0,6,2,,0,1,-3.2315153749898253,4,0,1,6,0,0.269272865419951,1,0,0.3513,1,
339,33,14,0,7,3,7.362558679446277,1,1,-1.083463133963912,0,0,2,10,0,0.21475995262109415,0,0,0.8675,1,
340,22,14,1,6,2,14.299063523414327,2,1,-1.2249556278625604,2,0,2,9,0,0.32,0,0,0.8832,1,
341,18,17,1,5,2,3.934121922535393,0,1,-0.16946258317626867,0,0,1,3,2,0.23302391404113215,0,1,0.974,1,
342,10,17,1,10,2,13.652594529528995,0,1,-1.9031045213487254,2,1,2,17,0,0.2707613357466963,0,1,0.6631,0,health_related
343,9,16,1,9,3,4.907109856106593,1,1,-0.21381626203711668,2,0,1,4,2,0.24360101036016307,0,0,0.9652,1,
344,16,17,1,5,1,10.099100813494246,0,1,-3.53017963718084,3,1,1,6,1,0.28639335542461997,0,0,0.4968,0,academic_performance
345,22,15,0,4,3,1.344329002639058,1,1,-0.7626515028260994,1,0,2,11,0,0.30774950633515485,0,,0.9219,1,
346,27,16,1,2,4,2.9730913304939435,2,0,0.8093459755934364,0,0,1,5,2,,0,1,0.9948,1,
347,33,13,1,4,2,7.527725616143755,1,1,-3.281804214483098,5,1,1,5,0,0.24164105734237867,1,0,0.6002,0,other
348,46,15,0,7,1,7.801621915457547,0,1,-1.0509975390281427,2,0,1,7,2,0.29832591507664985,0,0,0.788,1,
349,2,16,1,6,3,7.814219019558066,0,1,-0.5493145500517334,1,0,1,2,3,0.22917541836823113,0,0,0.9775,1,
350,45,14,1,8,3,16.63255758756857,0,0,-0.479867014719403,1,0,2,6,2,0.26566341256129516,0,1,0.8407,1,
351,27,14,0,3,4,7.226761745983527,1,1,1.0035412714039165,0,0,1,4,1,0.25510566935330004,0,1,0.9919,1,
352,4,13,0,7,1,8.369149683700225,0,1,-0.9876697534764023,0,0,3,20,0,0.32,0,0,0.6809,1,
353,41,15,0,2,3,9.54219569744039,1,0,-1.5835083504081402,4,0,1,6,0,0.2816286096172968,1,0,0.8043,1,
354,41,14,1,10,2,10.951904976221844,0,1,-0.913498074478304,1,1,1,7,0,0.2009689411579769,0,,0.8439,1,
355,14,16,0,4,1,4.052796891900044,0,1,-1.0514924871175089,1,0,2,15,0,0.26351744675968153,0,,0.8547,1,
356,8,14,1,1,3,9.318221091156946,2,0,0.42615931263429535,0,0,1,4,0,,0,0,0.9569,1,
357,15,16,1,5,3,2.135634336771458,0,1,0.2379228346149394,0,0,2,10,0,0.1950650683048497,0,0,0.9685,1,
358,39,13,0,3,4,0.31363791367244764,1,1,-0.9022235566260678,1,0,1,5,1,0.17910580971598683,0,1,0.9882,1,
359,44,17,1,3,2,9.69791581061827,0,1,-0.639149639030323,0,0,1,8,0,0.21007246763059695,0,0,0.9365,1,
360,14,13,0,8,2,7.938940708776073,2,1,-0.8476909571552309,2,0,2,15,0,0.32,0,0,0.8222,1,
361,23,14,1,2,2,3.325012324853392,1,0,-3.2951967967305986,6,0,2,12,1,0.32,1,1,0.6472,1,
362,34,14,0,6,2,10.218367456696047,0,0,0.6938867490539719,0,0,1,4,0,0.32,0,0,0.9381,1,
363,9,16,1,7,2,,0,1,0.2534916449711604,0,0,1,5,1,0.313449069255613,0,0,0.9726,1,
364,34,15,1,9,1,15.657219333270728,0,1,-1.3504572470303216,2,0,1,5,0,0.2394031484610585,0,0,0.7591,1,
365,11,16,0,2,5,4.438914363064454,2,1,0.33212114611431187,0,1,1,7,1,0.19791240460287257,0,0,0.9876,1,
366,40,16,0,1,4,,2,1,-3.223265851158064,4,0,3,14,0,0.19014481735765473,1,0,0.8771,1,
367,7,16,0,5,4,4.727068159208732,1,1,0.8419265242473831,0,0,1,5,2,0.2745603536047033,0,0,0.9811,1,
368,47,15,1,3,2,18.725649597841418,1,0,-0.2280014834230106,0,0,1,5,2,0.25013987758144757,0,0,0.8721,1,
369,34,15,0,2,2,2.1578180634035706,1,1,0.6032781287953402,0,0,3,12,0,0.24717857982421124,0,1,0.9741,1,
370,13,15,1,3,4,6.374682677701828,0,1,0.40698174918278285,1,0,1,5,0,0.16071975507818964,0,0,0.9728,1,
371,38,16,0,3,5,1.2079962304882617,0,1,0.4120710766615817,1,0,1,6,2,0.15893980348346146,0,0,0.9898,1,
372,30,16,0,3,4,5.905112117715141,2,1,-0.16286009123182515,1,1,1,8,1,0.27793021685152497,0,1,0.9718,1,
373,23,15,1,9,1,13.763228128380005,,1,-2.3192405225856807,4,0,3,18,0,0.2529855110683402,1,0,0.3817,0,health_related
374,35,17,1,4,4,5.125595640278176,0,0,0.306168207257839,1,1,1,4,2,0.26334012244005817,0,0,0.9878,1,
375,33,13,0,5,2,8.885404755998316,1,1,-3.7890916304635347,3,0,2,13,0,0.24560667947808787,0,1,0.444,0,academic_performance
376,4,15,1,4,1,2.0712612600207474,0,1,-1.6462267151025995,2,0,2,7,1,0.3193993667978502,0,0,0.9218,1,
377,11,16,0,5,2,2.5909058656618926,0,1,-0.5929443365907419,1,0,3,13,0,0.2430354678487669,0,0,0.9416,1,
378,32,16,1,4,5,5.4884485973745365,1,0,0.428991619043665,0,0,2,10,2,0.22649394895576172,0,,0.9773,1,
379,20,15,0,3,2,12.183537336940766,0,1,-1.0688059503674083,3,0,1,2,1,0.32,0,0,0.8703,1,
380,16,17,0,5,4,9.35263102992247,2,0,-1.2027183071885135,2,0,1,7,1,0.26471878580252456,0,1,0.9447,1,
381,26,13,1,10,2,2.207939481893056,0,1,-1.2296226830951482,2,0,1,2,1,0.32,0,0,0.9064,1,
382,8,13,0,6,1,12.371370594955122,0,1,-1.253575384702946,1,0,1,2,2,0.32,0,1,0.8961,1,
383,47,15,0,4,3,2.227912094956314,0,0,-0.7777240875589158,2,0,2,8,1,0.21210605343991892,0,,0.849,0,health_related
384,26,16,0,3,2,13.486923811181432,,0,-0.9030592228415921,1,0,1,7,0,0.2676015690260122,0,1,0.7365,0,commute_distance
385,1,15,1,5,1,7.06853792307353,0,1,-1.440759988431333,1,0,1,7,1,0.25832669204430825,0,0,0.9298,0,financial_instability
386,22,16,1,4,3,3.5165964275578467,0,0,-0.3018517770988108,1,0,3,12,0,0.2502833516740098,0,0,0.9537,1,
387,35,16,0,2,3,4.824957451288003,2,0,-2.006657691553959,1,0,2,9,1,0.1847114983182171,0,0,0.9043,1,
388,28,15,0,2,1,17.051469323181912,0,1,-2.447765957636183,3,1,1,3,1,0.2627722950239108,0,,0.5746,0,academic_performance
389,24,14,1,2,1,6.655798528225843,1,0,-0.04275078889907791,0,0,1,4,1,0.32,0,,0.953,1,
390,31,16,0,2,4,7.4926471945011945,0,0,-0.9726325661256269,1,1,3,19,1,0.2789406278863236,0,0,0.8091,1,
391,2,15,0,4,3,4.468415534295637,1,0,-0.7647390973978083,2,0,2,11,2,0.2142560287678621,0,0,0.9078,1,
392,24,17,1,6,1,7.5907340326855115,0,0,-2.4140778828630123,3,0,1,4,0,0.22079170001562176,0,1,0.6309,1,
393,19,14,1,5,4,,2,0,0.23720327503510652,0,0,1,1,2,0.24542083544998422,0,0,0.9698,1,
394,43,16,0,7,2,1.6531172794342965,2,1,-0.7034528205266961,1,0,1,5,3,0.32,0,0,0.976,1,
395,28,16,1,6,4,4.235238262368954,0,1,-1.2377381337348783,2,0,1,2,1,0.24481923254348037,0,0,0.9485,1,
396,9,15,0,5,4,1.6788689293194985,2,1,-2.2697072531136566,3,0,1,7,0,0.2596920765875421,0,0,0.9161,0,academic_performance
397,41,17,0,3,1,7.159470846187594,0,1,-1.7750000543399702,4,0,3,8,1,,1,0,0.6671,1,
398,14,16,0,4,2,2.025299352204964,0,1,-2.349979468499896,5,0,2,7,3,0.25895444673271517,1,0,0.7768,1,
399,47,17,1,4,4,20.0,1,0,0.13659295491960227,1,0,2,13,0,0.19651971597873136,0,0,0.7989,1,
400,17,16,0,4,5,2.166161434906056,1,1,0.6658729342500093,0,0,1,5,2,0.16365523555023645,0,0,0.987,1,
401,40,14,1,6,3,7.276729062721881,0,1,-0.3385815146043395,1,0,1,7,0,0.2867958709137365,0,0,0.9167,1,
402,37,14,0,6,3,3.158640318758159,,0,-0.7328218971853475,1,1,1,1,1,,0,1,0.9642,1,
403,34,17,0,4,5,2.1399959005219387,0,1,0.4534789407531868,0,1,3,10,1,0.19756470110083174,0,0,0.988,1,
404,31,13,0,6,1,10.914303201164909,0,0,0.41296434232566126,0,0,1,3,0,0.31858053136201747,0,,0.8996,1,
405,2,17,1,2,3,17.662149389343618,1,1,-0.010630613540090761,1,0,1,4,1,0.2559093264044645,0,0,0.8086,1,
406,10,17,1,6,3,5.2346646697205514,0,0,-1.6193768002614248,2,0,1,3,0,0.24642364732447752,0,0,0.7793,1,
407,42,17,1,4,2,6.097342006853017,1,1,-0.8566578760531983,0,0,1,3,0,0.2527724579746066,0,0,0.9309,1,
408,35,15,1,4,3,10.560022915600964,0,1,-1.0036557961772603,1,0,1,3,2,0.1814382975954057,0,1,0.9507,1,
409,22,16,1,8,2,5.605240824514658,0,1,-0.6033943064165637,2,0,2,9,2,0.26494529633956465,0,0,0.9496,0,household_pressure
410,37,14,0,6,1,8.708672310271607,0,1,-0.4241024094087824,2,0,1,4,2,0.32,0,0,0.8183,1,
411,31,13,0,6,2,13.721996433800628,2,1,-0.8726819568469885,0,0,2,15,1,0.2425937974318244,0,,0.8959,1,
412,37,14,1,5,1,6.114256837553195,0,1,-1.7210829014529843,3,0,3,13,0,0.28037412833253383,0,0,0.6353,1,
413,26,17,1,5,3,1.8327164151651536,2,1,-1.244742596079909,1,0,2,8,1,0.26874143141472806,0,,0.9331,1,
414,4,14,0,4,4,8.381693378765268,2,0,-0.8038091355948567,1,0,1,6,1,,0,1,0.9526,1,
415,20,16,1,6,1,2.411270035384576,0,1,-3.809017305880548,5,0,2,10,1,0.3184760390075202,1,0,0.6924,1,
416,10,15,1,5,4,20.0,,1,0.0014618235240519972,3,0,1,7,2,0.18841200043956846,0,0,0.7771,0,commute_distance
417,41,17,1,6,1,5.822976466218327,0,1,-0.38281018763578634,2,0,2,13,1,0.26714833477801236,0,0,0.8526,0,health_related
418,43,15,0,8,1,8.255528812278977,0,1,-1.1328116376474113,1,0,1,2,0,0.32,0,0,0.8937,1,
419,10,15,1,6,2,1.79126160759836,,1,-2.180656664132754,3,0,1,3,0,0.2770206510274429,0,1,0.8444,1,
420,42,14,1,5,2,14.489529633954646,0,1,-0.6925575186704349,0,1,1,4,0,0.2916944677139639,0,1,0.9177,1,
421,16,16,1,5,4,5.328320057302039,,1,0.3503978684610518,0,1,3,11,2,0.17814749598724441,0,0,0.9771,1,
422,10,13,1,5,3,7.190363017971691,2,1,-0.32606728786926487,1,0,1,3,1,,0,0,0.9766,1,
423,13,17,1,3,1,14.397272347861655,,1,-0.301025600192833,1,0,1,5,0,0.32,0,0,0.8327,1,
424,26,17,1,10,1,,1,1,-0.8619909710888385,1,0,1,4,0,0.2734035254187722,0,0,0.8798,1,
425,12,13,0,4,4,6.01579192407093,0,1,-0.45774439006324774,1,0,3,11,1,0.1806402383410184,0,1,0.9656,1,
426,13,13,1,9,2,9.498914724020391,0,1,-1.3729676242105209,3,0,1,3,2,0.22742086808118217,0,1,0.8648,0,household_pressure
427,33,17,1,1,3,6.437532077385033,1,1,-1.1217544758140936,2,0,3,14,0,0.23092336039359385,0,0,0.779,0,health_related
428,20,17,0,5,1,8.235715087327938,0,1,-1.862485563238595,2,0,1,3,2,0.2944210826406254,0,0,0.9013,1,
429,33,15,0,9,3,5.073239669603248,0,1,-0.7642368903863624,1,0,1,5,2,0.19643989814533327,0,,0.9219,1,
430,1,13,0,5,2,4.905234313712527,1,1,-0.6237576169776331,3,0,2,17,1,0.3049979626441439,0,0,0.8934,1,
431,5,13,1,9,1,,0,1,-1.9959321106764112,3,0,1,4,0,0.32,0,0,0.8917,0,household_pressure
432,14,15,0,5,2,14.593680391565053,1,1,-3.4091693841984476,6,0,1,8,1,0.29964746416974614,1,0,0.3756,0,academic_performance
433,18,17,0,4,3,16.476298418988485,1,1,-1.9789676738357072,2,0,1,6,1,0.3063309229213351,0,0,0.6079,1,
434,13,16,0,2,3,5.771014476840058,0,1,-0.6816648943539556,2,0,1,3,2,0.21399611779954442,0,1,0.9689,1,
435,19,13,1,1,2,20.0,0,1,-2.0464065463907852,4,0,1,6,1,0.2810111968124417,1,0,0.7248,1,
436,44,16,0,3,2,8.031926944992655,2,1,-2.7908348768819673,4,0,3,17,1,0.2691474463378758,1,0,0.5809,1,
437,22,17,1,1,2,0.34594725327882403,0,1,-0.570493460843787,3,0,1,3,1,0.32,0,1,0.9516,1,
438,28,16,1,8,2,3.190771629500608,0,1,0.44131403581220663,0,0,1,3,2,0.28752285707824876,0,1,0.9697,1,
439,38,15,0,1,4,13.8941830028882,0,0,-1.4637186644875984,1,0,2,10,1,0.2135024065119493,0,1,0.9166,1,
440,9,13,0,7,3,4.021938714967775,0,1,-0.8866262363402542,0,0,1,7,0,0.19842079936543722,0,0,0.9245,1,
441,7,16,1,7,2,4.10010054165363,0,0,-4.0,7,0,3,18,1,0.22099757465828923,1,0,0.2195,0,other
442,21,17,0,6,1,3.1049776159313396,0,1,-1.061562432185109,1,0,1,9,0,0.32,0,0,0.8963,1,
443,30,15,1,4,1,4.415713165091863,0,1,-0.7437646506974032,1,0,1,3,0,0.31228991044881615,0,1,0.9402,1,
444,24,16,1,7,4,7.261766957609857,0,1,0.8723055349829555,0,0,1,2,1,0.17350441716181783,0,0,0.9739,1,
445,6,13,1,2,2,14.055150170485529,0,1,-2.2773293113745106,4,1,1,5,1,0.24491638637894503,1,1,0.81,1,
446,30,17,1,1,3,16.25406573718001,2,1,-0.8754633061119749,2,0,1,5,1,,0,0,0.9096,1,
447,44,14,1,7,1,5.485188997992481,0,1,-1.0491264091797232,2,0,1,6,1,0.24602696118408232,0,0,0.8328,1,
448,26,17,0,1,1,4.884814061885181,1,1,-2.094850014213739,4,0,1,6,1,,1,,0.8128,1,
449,43,13,0,5,4,6.9643112086612184,1,1,0.3895576089427945,0,1,1,1,1,0.2156995958731564,0,0,0.9798,1,
450,20,16,1,7,3,2.6099230678260903,0,1,-0.30946448853624176,2,0,2,8,1,0.215890458445595,0,,0.9545,1,
451,19,16,1,6,1,12.251753290892921,0,1,-0.5824866951073385,1,0,2,10,1,0.2912159912347432,0,0,0.88,1,
452,15,17,1,3,5,2.257532739077343,2,1,-0.10636989375903166,1,0,2,13,1,0.24127320688445952,0,0,0.9838,1,
453,25,14,0,3,4,5.421603949522381,1,1,-1.6129706832736403,3,0,2,5,1,0.16435255623216008,0,0,0.9445,1,
454,28,17,1,6,3,,1,1,-0.03549993423732012,1,0,2,13,0,0.28402617100371724,0,0,0.8292,0,health_related
455,5,15,0,5,2,,0,1,-1.8262853492384112,2,0,2,8,0,0.32,0,1,0.8345,0,financial_instability
456,46,16,0,7,1,13.029683453510154,0,1,-1.3953837153522477,2,0,2,12,1,0.32,0,0,0.485,0,financial_instability
457,8,13,0,4,2,3.985045263724207,2,0,-2.514330094614961,4,0,1,5,1,0.32,1,0,0.7844,1,
458,26,16,1,6,3,15.409276608231032,2,1,-0.8821556698933671,3,0,1,5,1,0.24256225142811585,0,1,0.7708,1,
459,15,14,1,4,1,6.691496469203874,0,0,-0.2749466002098966,0,0,1,4,0,0.3043778306919418,0,0,0.9154,0,financial_instability
460,42,15,0,7,4,6.73740209807642,2,1,-0.3300552416260803,1,0,1,6,1,0.2702335104304061,0,0,0.9645,1,
461,31,16,0,2,5,1.2378002752721717,1,0,-1.670678828307122,3,0,3,9,1,0.14727135006087747,0,0,0.9436,1,
462,1,15,1,5,4,1.755037196257726,2,1,0.04143913616813491,0,0,3,14,0,0.2446172663341279,0,0,0.9881,1,
463,2,13,1,8,1,20.0,1,1,-0.5906126180239979,2,0,1,6,0,,0,,0.5582,1,
464,10,16,1,9,2,,2,1,-1.6943717250471508,2,0,1,2,0,0.2694780236862623,0,0,0.8218,1,
465,39,14,0,10,1,14.965326807262128,0,1,-0.976734036620158,1,0,1,4,0,0.32,0,0,0.7852,1,
466,41,16,0,2,3,4.7212660570484655,,0,-0.8515385501473298,1,0,1,5,2,0.2502706339043968,0,1,0.9524,1,
467,26,16,0,9,2,6.600107562689073,0,1,-0.2800790572949693,0,0,1,1,2,0.21522889356874328,0,0,0.9372,1,
468,27,13,1,7,2,8.196148678811696,1,1,0.31414141094385895,1,0,1,1,1,0.2327970210927318,0,0,0.9794,1,
469,31,14,1,8,1,9.103337169302252,0,1,-2.9271518568657715,3,0,2,12,0,0.24658611364617739,0,0,0.5874,1,
470,23,13,0,5,3,3.7703341026090906,,1,-1.508717450872301,2,0,1,5,1,0.25597410466160236,0,0,0.9206,1,
471,25,16,1,9,3,2.8444953075650603,1,1,-1.1897644676898058,1,0,2,10,0,0.2740555350651144,0,1,0.9532,1,
472,18,15,0,8,3,3.329965092062697,0,1,-0.46561438288197493,1,1,3,16,0,0.2644303930094379,0,0,0.9024,1,
473,24,13,1,5,1,10.590865905919827,1,1,-0.7682137397227565,1,0,1,5,0,0.32,0,0,0.7647,1,
474,14,14,1,8,3,7.120621612140479,0,0,-0.6686001426531877,0,0,1,2,2,0.22278959736315443,0,0,0.9472,1,
475,36,17,0,2,5,4.0932815039701165,0,0,-0.06865854587992537,0,0,2,14,1,0.20374832894515976,0,1,0.9836,1,
476,32,16,0,4,5,4.557236312278923,2,1,-0.09101768092380391,1,0,1,4,1,0.14823508271950603,0,0,0.9761,1,
477,34,14,1,2,5,3.6434184116841974,2,0,0.8042709516068359,0,0,2,8,3,0.22382070592338704,0,1,0.9932,1,
478,18,17,0,2,4,11.446538885092593,,1,-0.8960094384510054,1,0,1,6,0,0.24791628742896551,0,1,0.9249,1,
479,19,16,0,11,3,7.673034907825526,0,1,-1.9844230240050251,3,0,1,3,0,0.19035918039816396,0,1,0.8401,1,
480,21,14,1,4,1,9.189921306825099,0,1,-1.6379087710107956,1,0,1,7,1,0.32,0,,0.8776,1,
481,29,13,0,5,5,5.73537498170353,2,1,-1.5934298441469432,2,0,1,7,2,0.24378017008742037,0,1,0.9448,1,
482,37,17,1,6,1,7.2483476966508515,0,1,-1.8461031274977504,2,0,1,5,1,0.2761352551596984,0,0,0.8558,1,
483,1,14,0,10,2,5.808217216058773,,0,-2.0051854277525525,1,0,1,8,0,0.3144710955622715,0,0,0.8522,1,
484,45,14,1,6,5,7.753498828780802,0,1,0.411959437794698,0,1,1,6,3,0.1934270043028736,0,0,0.9857,1,
485,41,14,1,4,5,2.4817917518308326,1,0,0.34677960327923746,0,1,1,8,0,0.2104108774739028,0,1,0.9875,1,
486,47,16,1,4,2,7.938216109151645,2,0,-1.6092582660463062,3,0,1,3,1,0.32,0,0,0.901,1,
487,14,13,0,3,5,1.1416038681775114,1,1,0.545962771148642,0,0,1,1,2,0.21887663841704003,0,1,0.9967,1,
488,23,13,0,7,1,3.132147071520011,1,1,-2.16385018538673,2,0,1,8,3,0.3173105672083048,0,0,0.9058,1,
489,26,15,0,8,1,,0,1,-1.7608364112455013,2,0,2,10,0,0.32,0,0,0.7741,1,
490,7,16,1,7,1,,2,1,-2.5845473321924066,3,0,2,11,1,0.27431987423470866,0,0,0.5419,1,
491,17,16,1,8,3,0.9368990111141506,0,1,-0.787699801574381,1,0,1,2,2,0.26269736248480463,0,1,0.9774,1,
492,2,15,1,4,1,,0,1,-2.1184229656963547,2,0,1,10,0,0.2623437685449086,0,0,0.6282,1,
493,6,14,1,7,3,9.49961277003718,1,1,-2.26970150376531,4,0,3,13,1,0.21584428283323803,1,0,0.7122,0,health_related
494,24,17,0,6,2,4.980635056096721,0,1,-0.5177997208080021,1,0,3,19,0,0.21361946302507698,0,,0.6933,1,
495,15,17,0,1,2,,0,1,-1.3439157825772217,2,1,1,9,1,0.22031886228051356,0,0,0.9229,1,
496,4,13,0,4,4,3.650562955756114,1,1,-0.6947170245555845,1,0,1,2,1,0.23877567457600196,0,0,0.9765,1,
497,40,14,0,7,3,11.884816678488654,1,0,-0.3721143804278208,1,0,1,3,0,0.3010680484532354,0,1,0.9167,1,
498,6,15,0,9,2,4.073954313298081,0,0,-2.56907348139303,3,0,2,11,1,,0,1,0.7597,1,
499,11,15,1,5,1,10.527469886391556,0,1,-0.4900595419347834,1,0,1,3,0,0.292611021027786,0,0,0.956,1,
500,12,17,1,2,4,7.395730363336099,2,1,-0.4433008251915376,2,0,2,11,0,0.25695992388421546,0,0,0.9636,1,
501,25,17,0,1,3,6.820673442259132,0,1,0.08677194173019165,1,0,1,3,0,0.20165461615212124,0,,0.9683,1,
502,47,16,1,1,5,0.7871241554774947,2,1,-0.4618510677639837,1,0,1,15,0,0.24814137305345227,0,0,0.9806,1,
503,2,14,0,7,1,11.500869580481268,1,1,-1.3109906919986114,1,0,2,10,2,0.28681861268409825,0,0,0.7442,1,
504,8,13,0,6,5,5.698222586102288,2,0,-1.1977955474096382,2,1,1,3,2,,0,1,0.9545,1,
505,16,16,0,8,5,4.489450674499561,2,1,-0.3409924883614184,2,1,2,8,0,0.15408788421877145,0,1,0.9554,1,
506,6,17,1,4,5,2.5755432035316748,0,0,-0.5463321784526932,2,0,3,13,1,0.1554580647265318,0,0,0.9444,1,
507,1,17,0,3,2,8.287008113767778,2,1,-0.824463068703529,1,0,1,3,2,0.2205839778711852,0,0,0.9858,1,
508,44,14,1,3,4,8.473315847029095,2,1,0.27218988180766157,0,0,3,13,0,0.18361563544783444,0,1,0.9721,1,
509,11,16,0,2,2,3.1829173764896295,0,1,-0.46527327565326604,0,0,1,4,2,0.2885691621912145,0,0,0.9811,1,
510,30,13,0,3,4,6.683676874064221,1,1,-1.752266475396934,3,0,1,2,3,0.16448266022531363,0,,0.9045,1,
511,42,17,0,7,2,17.904396809713127,1,1,-2.1104766984253125,1,1,3,12,0,0.319120617912252,0,0,0.5952,1,
512,35,13,1,3,4,,2,0,-0.7799633831780484,2,0,1,5,1,0.27786198579911386,0,0,0.9427,1,
513,2,16,1,7,1,18.70702178720142,0,1,-1.831018353812833,3,0,1,8,0,0.3177427692450495,0,0,0.3239,1,
514,17,16,1,2,2,5.919260638866597,0,1,-0.968989523289455,0,0,1,5,1,0.3028311879483686,0,0,0.9428,1,
515,3,15,1,8,2,14.109776236189711,0,1,-0.22827986011585732,1,0,1,6,0,0.20155919982928835,0,0,0.8492,1,
516,44,17,0,3,1,6.166112566000678,,0,-3.3308065925867565,4,0,2,11,1,,1,0,0.7115,0,other
517,22,13,1,7,2,13.341257522684357,0,1,-1.7319008815234926,2,0,1,3,0,0.32,0,,0.7726,1,
518,46,17,1,7,3,8.20529704557664,0,0,-2.1894380227490355,2,0,1,7,1,0.2982224370590626,0,0,0.6817,0,academic_performance
519,19,14,1,4,3,13.927719061933455,0,1,-1.839714685455939,3,0,1,9,1,0.28139177554603256,0,0,0.7787,1,
520,27,16,1,4,4,1.2980466589465671,1,0,-0.29055751642922345,0,1,1,2,2,,0,0,0.9798,1,
521,3,13,1,5,5,2.3601571673868142,2,0,-0.24527771284002953,2,0,1,9,2,0.20712441743301876,0,0,0.9481,1,
522,47,17,1,7,2,1.992512153263208,0,1,-1.599629928228639,3,0,2,12,0,0.2203576209064999,0,0,0.8954,1,
523,41,13,1,7,4,3.4930973154367893,2,1,0.3869554902942193,0,1,1,5,3,0.21452506158450707,0,0,0.9943,1,
524,24,17,1,8,1,8.162472997878455,,1,-1.7182221063548444,2,0,1,5,0,0.32,0,0,0.7348,0,household_pressure
525,11,14,0,6,3,3.687780778614799,0,1,-0.526032969151629,1,0,1,11,0,0.274880394235175,0,,0.9458,1,
526,21,15,0,6,1,5.895260765628335,0,1,-1.1950026726366372,2,0,2,9,2,0.3004350142850605,0,0,0.8444,1,
527,21,16,0,4,1,1.338459116345845,1,1,-1.5782666703355388,1,0,1,3,2,,0,0,0.9317,1,
528,37,16,0,6,4,11.447811767676903,1,1,-0.5851396450246482,2,0,2,11,0,0.2253030005555453,0,1,0.8511,1,
529,15,15,1,4,4,5.790872294830875,0,0,-0.4647973421736411,1,0,2,7,1,0.23876460304814692,0,1,0.9246,1,
530,31,17,0,4,2,3.2865581026155835,0,1,-1.4979583879099398,1,0,1,4,1,0.24415471161235353,0,1,0.9721,1,
531,39,16,1,7,4,6.280663324889367,2,1,-0.44580687698500276,1,0,1,7,1,0.227655966261802,0,1,0.9837,1,
532,10,15,0,8,2,16.14718877274104,0,1,-1.9919852331533694,3,0,1,5,0,0.2529687544635658,0,0,0.5911,0,commute_distance
533,37,13,1,4,3,3.164532189449476,1,1,0.4241341213573333,1,0,1,4,0,0.30709475155123855,0,1,0.9853,1,
534,25,14,1,5,4,1.6222019440974562,2,1,-0.42148808068318433,1,0,1,3,1,0.1921385577233936,0,,0.99,1,
535,10,15,0,2,1,6.841375580499059,0,1,-1.542802855361233,3,0,1,7,1,0.2541723768015919,0,0,0.763,1,
536,1,17,0,0,2,8.972376309432542,0,0,-0.34948134959098787,2,0,1,4,1,0.22972066206382316,0,,0.9441,1,
537,42,15,0,4,2,,,1,-3.313776528677334,6,0,2,16,1,0.32,1,1,0.6396,1,
538,42,13,1,4,3,2.7931572157255156,1,1,0.29221633244064377,0,0,1,1,1,0.30761213851957997,0,0,0.976,1,
539,3,14,0,4,1,7.4563247859693735,0,1,-2.648849061968252,4,0,1,3,1,0.2704784493919054,1,0,0.5979,1,
540,26,15,0,7,3,3.5824003833478235,0,0,-1.0506470047272725,1,1,1,6,0,0.25539263014315083,0,1,0.9023,0,household_pressure
541,5,13,1,7,4,1.9930989740864191,1,0,0.7147084948593617,0,0,1,3,1,0.21665646509367167,0,0,0.9928,1,
542,3,17,1,7,1,1.6531698520812566,0,1,-0.27639361023807907,1,0,1,6,1,0.2864799577455605,0,0,0.8593,1,
543,3,14,0,8,2,2.967765400087111,0,0,-3.2984169057123522,4,0,2,15,1,0.2222005726315661,1,0,0.3998,1,
544,45,16,0,8,1,3.8352702840269974,0,1,-2.654211517513507,2,0,3,15,0,0.30375041222079796,0,1,0.6843,1,
545,24,16,0,4,3,15.349530383840985,1,1,-1.6184146272881237,4,0,1,3,1,0.2874543352855208,1,0,0.758,0,academic_performance
546,47,16,0,5,3,,0,1,-1.5521780772113694,2,0,1,3,0,0.2712521738169512,0,1,0.9421,1,
547,37,15,0,3,3,15.693206192010146,1,0,-0.9808391799431595,2,0,1,7,2,,0,0,0.7548,1,
548,35,15,0,2,3,,0,0,-1.9734963883453633,4,0,2,10,1,0.2493730036426226,1,0,0.6663,0,academic_performance
549,6,13,0,6,4,5.829965552751813,0,1,-1.2067126289111738,1,0,1,4,0,0.2648876771191958,0,,0.9526,1,
550,21,14,1,3,4,2.293371727764798,2,0,-0.962264947980233,1,0,3,10,1,0.20091424915303074,0,1,0.9752,1,
551,27,15,1,10,1,4.1836132146223575,0,1,-2.0963554072136117,3,0,1,11,1,0.3176332372927815,0,0,0.7106,1,
552,28,15,1,4,3,20.0,1,0,-1.5029310698497433,3,0,2,10,0,0.278306173494024,0,0,0.4572,1,
553,7,17,0,4,3,15.86330278669139,1,1,-0.7859365368657885,2,0,3,18,0,0.2707406046406858,0,0,0.7849,0,health_related
554,1,16,0,2,2,11.538210167388039,0,1,-1.7604513536722615,1,0,3,16,0,0.3053732158471428,0,0,0.9011,1,
555,29,17,0,5,2,2.1421828554234055,0,1,-1.830392633232921,3,0,2,5,2,0.2844456409514214,0,0,0.896,1,
556,6,15,0,4,1,18.945753966872747,1,1,-1.0707735685111528,1,0,1,8,2,0.29066323596660365,0,1,0.8037,1,
557,45,15,1,5,4,0.4822351014194319,1,1,0.45991788775326004,0,0,1,1,2,0.25919026382259946,0,1,0.9942,1,
558,16,16,0,2,1,20.0,0,0,-1.3968510544227903,2,0,1,3,1,0.2979836445760948,0,0,0.2573,0,commute_distance
559,44,15,0,6,3,,1,1,-2.7154711227343364,5,0,1,11,1,0.2224465728516703,1,0,0.7575,1,
560,20,17,1,4,5,2.3485788482420493,1,0,0.08490688268049784,2,0,3,18,0,0.14821881438479342,0,0,0.9724,1,
561,20,15,0,6,4,0.42780124585386525,1,1,0.04880945838329104,1,0,2,11,0,0.17067424580575669,0,0,0.9861,1,
562,36,16,1,3,1,2.7623038450657567,0,1,0.8377444984050457,0,0,2,7,0,0.26954758777168064,0,0,0.9521,1,
563,43,17,0,4,4,4.907294291966736,0,0,-0.32742432758028056,1,0,1,4,0,0.2427379535849491,0,0,0.9416,1,
564,9,16,1,5,3,8.781120721241523,0,0,-0.5647727402689275,0,0,1,4,2,0.25731974013457043,0,0,0.9349,1,
565,21,14,0,4,4,4.64270890767115,2,1,0.1424128026573156,1,0,1,3,2,0.25613384049434224,0,0,0.9871,1,
566,6,17,1,4,2,10.44164401134077,,1,-0.7643466423319364,1,0,1,4,2,0.2626456637914051,0,0,0.9111,1,
567,33,17,1,2,5,4.519823756523552,1,1,-0.6198172056733804,2,0,1,4,3,0.23569854486337508,0,0,0.9582,1,
568,33,15,0,4,3,9.649864157606098,2,0,0.6232548761412402,1,0,1,8,1,0.1899827419421419,0,0,0.9117,1,
569,7,17,1,5,1,0.283603769215546,1,1,-0.8092688578748798,1,0,2,12,2,0.3149505124879038,0,0,0.9441,1,
570,42,14,1,4,2,3.377698941963055,1,1,-1.0340895834355224,1,0,1,0,2,0.2825092031176888,0,0,0.9559,1,
571,47,15,0,7,1,11.009189282404371,0,1,-2.839346132817438,4,0,1,2,1,0.29936217272031534,1,0,0.6259,1,
572,42,16,0,2,1,3.4399471081499082,0,1,-2.6357600835541852,4,0,1,6,0,0.32,1,0,0.8247,1,
573,38,13,0,5,1,,1,1,-1.4912159927851956,2,0,2,10,1,0.23004334395089746,0,1,0.9194,1,
574,35,17,1,3,1,11.213019034608406,0,1,-1.0729895663499245,0,1,2,10,0,0.32,0,1,0.9347,1,
575,14,17,1,7,4,1.7995065980660023,1,1,-0.39175644732020054,0,1,1,7,1,0.2370048151582776,0,1,0.9886,0,household_pressure
576,47,17,0,5,3,4.4669832496370825,1,1,-0.12801184074130859,0,0,3,12,0,0.2889881844084613,0,0,0.9499,1,
577,15,13,0,4,2,14.695456569618406,0,1,-1.8777078095857436,3,0,2,8,1,0.26054856880289023,0,1,0.6696,1,
578,25,13,1,6,3,3.931990409857657,1,1,-1.6556582915258213,3,0,3,6,2,0.22959354208894814,0,0,0.927,1,
579,34,14,0,4,5,4.8494733331942586,2,1,-0.9417518652543186,2,1,1,0,2,0.24727561152556804,0,1,0.9731,1,
580,37,15,0,7,2,,0,1,-1.661951410781549,1,0,1,7,1,0.2632009879119648,0,1,0.919,1,
581,16,15,0,9,2,8.88680040467307,,1,-1.8160886830375704,3,0,1,5,1,0.32,0,0,0.8003,1,
582,20,13,0,3,1,5.424681166199119,,1,-3.90900647200951,7,0,3,13,0,0.2286096238208295,1,0,0.5452,0,academic_performance
583,23,16,1,4,1,1.990198125937722,0,0,-0.29892848609489775,0,0,1,6,2,0.2630614463526144,0,0,0.95,1,
584,17,15,0,7,1,11.062318005813031,0,0,-1.648266433091129,2,0,2,5,0,0.3088922902083255,0,0,0.6131,1,
585,16,14,1,2,3,5.163807876920264,2,0,-1.063151216362357,2,0,3,12,1,0.23108091337496534,0,1,0.8942,1,
586,43,15,0,3,3,10.266255584816847,0,0,-2.498277223319235,5,0,1,4,1,0.2773926136205592,1,0,0.5767,1,
587,12,15,0,2,3,4.725619109319843,0,1,-1.824043569959237,2,0,3,16,1,0.29487705031890316,0,0,0.8869,1,
588,21,14,0,3,4,5.291338410503382,1,1,-0.35561169996764475,1,1,2,11,1,0.2652125991314157,0,0,0.9708,1,
589,8,16,0,10,1,5.885833716973824,1,1,0.4198967575233219,1,0,3,14,1,0.23522340472680506,0,1,0.9475,1,
590,36,17,1,2,3,5.150049433667176,2,1,-1.0059123340637575,0,0,1,3,2,0.19097598062965634,0,0,0.9815,1,
591,38,14,1,6,5,5.312314443508534,1,0,0.6488360475591075,1,1,3,12,2,0.1833250345625723,0,1,0.9849,1,
592,24,16,1,3,3,11.736485499505948,1,1,-1.2597787042323416,2,0,1,6,0,0.2360479055712384,0,0,0.833,1,
593,3,13,0,2,4,10.357613827330416,,1,-0.07390666506458765,2,0,1,6,2,0.17739779887914844,0,1,0.9751,1,
594,6,14,0,5,3,7.020475720547026,1,0,-0.5875943540321693,2,0,3,12,0,0.23906978277453367,0,0,0.846,1,
595,12,15,1,10,1,,0,0,-0.24427710594264662,1,0,2,6,2,0.2560029188596225,0,0,0.8973,1,
596,6,16,1,3,5,3.8969159811588607,2,1,-0.9237045114086121,2,0,2,11,2,0.17727760292009137,0,0,0.9862,1,
597,11,14,1,2,2,5.370272138069011,,0,-2.7019194758925345,3,0,1,7,0,0.2916477176424531,0,0,0.7916,1,
598,24,14,1,6,1,7.038794637813516,0,1,-1.5761751073134342,1,0,3,15,1,0.26932471876746955,0,0,0.7836,1,
599,28,17,1,1,3,4.198644161859298,1,1,-1.6441848282979215,3,0,1,5,1,,0,1,0.9389,1,
600,34,14,1,8,1,13.147351378490681,0,1,-1.2999297574012532,1,1,1,5,0,0.31932313419807923,0,1,0.7344,1,
601,44,14,0,10,2,2.8773646589180895,,0,-1.39017116001418,3,0,1,6,0,0.21545961490258167,0,1,0.8281,1,
602,35,16,1,4,3,3.3880937024506634,0,0,-0.21601085696419958,1,0,1,3,0,0.2710954884728962,0,0,0.9403,1,
603,23,13,1,4,1,17.145013592134536,2,1,-3.1772900270632,4,0,2,8,3,0.31855280818167453,1,0,0.6295,0,academic_performance
604,16,16,1,1,4,14.826760972999278,2,0,-0.5214372981325701,1,0,2,9,0,0.23374401672204725,0,1,0.9294,1,
605,41,15,1,8,1,1.5046679904071483,1,0,-2.8139486316365163,2,0,2,11,0,0.26889459837347446,0,0,0.7505,1,
606,1,16,1,2,3,15.614646192646687,0,1,-2.0737646332897075,4,1,1,6,1,0.1917462143093574,1,0,0.7952,1,
607,35,17,1,6,3,1.9989891909250848,0,1,-0.44054019649026466,1,0,2,9,0,0.24627140870695807,0,0,0.9559,1,
608,26,14,1,9,2,5.253238002235381,1,1,-2.334721662314935,4,0,1,6,0,0.20024224295519746,1,0,0.7209,0,academic_performance
609,24,14,1,2,5,1.123780063024895,0,0,-0.3693901425542274,0,0,1,4,1,0.18397810821308722,0,0,0.9762,1,
610,9,13,1,7,4,,2,1,-2.1158173503380784,3,0,1,6,1,0.2051880907075676,0,,0.8695,1,
611,14,16,1,8,3,8.121617445534403,2,1,0.2540361065443637,1,1,1,3,1,0.1950406495220179,0,0,0.9657,1,
612,16,15,1,3,3,3.934016821330859,0,1,-0.0647941005057521,0,0,1,7,1,0.30848173998386685,0,1,0.9669,1,
613,2,17,1,2,4,0.2190438911264519,1,0,-0.6165563580762958,2,0,2,10,0,0.17884311580735912,0,1,0.9668,1,
614,27,16,0,6,1,7.3510826704847005,2,0,-0.7125108456242654,2,0,1,5,1,0.32,0,0,0.8228,0,financial_instability
615,27,17,0,6,4,4.721480194382772,0,1,0.5190909571843342,0,1,2,10,2,0.17961549719345316,0,1,0.9861,1,
616,19,17,0,5,2,1.5669170480504413,0,1,-1.7850973370238945,2,0,1,3,0,0.21757766625800604,0,0,0.9396,1,
617,43,17,1,7,1,12.784139988704013,0,1,-1.4048837532903977,1,0,3,15,2,0.25393010810663613,0,0,0.7926,0,health_related
618,22,17,1,7,2,5.168230636389506,1,1,-3.075598949860848,4,0,1,2,1,0.31193431214146244,1,0,0.8319,1,
619,4,17,1,5,2,14.14450164078382,1,1,-0.8559956386135585,1,0,2,7,0,0.29685311458921015,0,0,0.936,1,
620,3,17,0,2,5,4.76784390540316,1,1,0.10346393663361256,1,0,1,8,1,0.16250516613190882,0,0,0.9608,1,
621,18,14,0,12,2,1.7523377131050788,0,1,0.46396660346582763,2,1,3,7,0,0.21676981164872772,0,0,0.9133,1,
622,9,14,1,7,2,2.374381557954573,2,1,-1.0906596689243682,1,1,1,10,1,0.2819591551551012,0,1,0.9647,1,
623,41,15,0,4,4,5.344538817141009,0,1,-1.7697218743105778,3,0,2,14,0,0.2392177840267144,0,,0.8579,1,
624,40,17,1,4,4,5.0549290287939845,1,0,-1.13317981061574,1,0,1,7,0,0.1750649608163899,0,0,0.9337,1,
625,46,13,0,5,2,6.735917373362271,0,1,-2.0968649192818987,3,0,1,5,1,0.28640116083195094,0,0,0.7065,1,
626,25,17,1,3,4,11.93799568616616,1,0,-0.7872823895131336,1,0,1,3,2,0.26792178895473684,0,0,0.9446,1,
627,23,14,1,4,1,8.749928197037091,2,1,-1.305776806310957,2,0,1,5,2,0.30563137934139717,0,0,0.8819,1,
628,42,14,0,3,4,,1,1,-0.052261419573229995,1,0,1,3,0,0.16241259864523697,0,0,0.9156,1,
629,30,14,0,6,1,8.070750837447319,1,1,-3.920964617863884,5,0,1,3,1,,1,0,0.5416,0,academic_performance
630,41,13,1,1,1,9.01736915249152,0,1,-3.794635460978113,5,0,1,2,2,,1,0,0.424,0,academic_performance
631,10,14,1,7,5,8.374501551861902,1,1,-0.08226073657698914,1,0,1,3,3,0.1667186368864374,0,0,0.9022,1,
632,10,13,1,1,5,,1,1,1.1176562086725332,0,0,1,7,3,0.18576302339724532,0,1,0.9844,1,
633,3,17,0,4,3,2.286610443742888,2,0,-1.2967068961977068,0,0,1,4,2,0.2714697634671962,0,,0.9577,1,
634,19,16,0,5,2,5.810125004376734,1,1,-0.9357466732830584,2,0,1,6,1,0.23477520659133175,0,0,0.9317,0,other
635,38,16,0,5,4,0.8037188788764472,0,1,-2.2189685466720177,3,0,2,8,1,0.2732426270295352,0,0,0.9329,1,
636,25,17,1,4,2,13.75093612548045,0,1,-1.1231770519591555,1,0,3,15,0,0.2746303932799743,0,0,0.7603,1,
637,26,13,1,7,3,8.487833812947885,,1,-2.1325273403870133,2,0,1,6,0,0.26182294195106376,0,0,0.7825,1,
638,5,14,1,7,1,5.439626995365599,0,1,-2.0667428141736837,4,0,1,6,0,0.277227712052121,1,0,0.6816,1,
639,6,17,1,7,3,6.196468816915892,0,0,0.25403155701604785,1,1,2,10,0,0.21512847537947835,0,0,0.9252,1,
640,5,17,1,4,1,20.0,1,1,-1.6998261787905729,2,0,1,4,1,0.2853580462170484,0,0,0.5724,1,
641,18,14,0,6,2,5.0548700781168225,,0,-1.3224238954274044,4,0,1,3,1,0.2741120751346364,1,0,0.6153,1,
642,40,14,0,2,1,14.555559390619985,0,1,-1.4270164080548586,2,0,1,5,1,0.32,0,1,0.8682,1,
643,35,13,1,6,4,5.8862645894809145,0,1,-1.2604267989081035,3,0,1,2,2,0.2721789298873496,0,0,0.9336,1,
644,39,16,1,4,3,6.506777726980483,0,1,-0.466104734752399,0,0,1,7,0,0.20487897285624873,0,0,0.9579,1,
645,14,16,1,2,4,0.9528867841969658,2,1,-0.07522174741520216,0,0,3,13,1,0.16368847029876216,0,0,0.9849,1,
646,19,13,0,3,4,2.514113902080243,2,0,-1.7761314835276634,3,0,1,7,1,0.19273467687546592,0,0,0.9208,1,
647,46,16,1,5,1,,1,0,-3.7637119278063444,6,0,2,8,0,0.2601531162476739,1,0,0.558,0,academic_performance
648,34,16,1,2,5,5.173384479884361,,1,0.5457236049351452,1,0,3,17,0,0.15753002060595814,0,0,0.9495,1,
649,33,14,1,3,4,14.610828067170843,1,0,-0.25994074869783146,1,1,1,5,1,0.16322786859681304,0,0,0.8778,1,
650,25,13,1,3,2,1.1550587818534963,0,1,-1.3033569231255946,1,1,2,18,0,0.22063074845030037,0,0,0.9033,1,
651,5,14,0,3,3,15.583573211627693,0,1,0.6895007299916452,0,1,1,7,1,0.2544865154769427,0,0,0.9791,1,
652,36,15,1,6,1,6.909006605376608,0,1,-1.2550065284321812,2,0,1,5,0,0.3132106370046019,0,0,0.7874,1,
653,18,15,0,5,1,4.348529452825357,0,1,-1.4560034807068756,4,0,1,4,1,0.27148327439875125,1,1,0.8812,0,academic_performance
654,15,14,0,5,2,,,1,-2.242652526105425,3,0,2,11,0,0.31740038869528236,0,1,0.9003,1,
655,35,15,0,5,3,19.475126597164504,1,1,-0.0059703480618014115,1,0,1,6,2,0.23770530349635932,0,0,0.8639,1,
656,23,16,1,6,1,14.579780426229508,0,1,-1.252383609845146,3,1,2,10,0,0.2923691511876877,0,0,0.7285,1,
657,8,17,1,4,5,3.558914705649462,2,1,-0.13133483884654806,1,1,1,7,1,0.18462078542644134,0,0,0.9932,1,
658,42,17,1,2,5,6.637854148523861,1,1,0.38159448449605426,0,0,1,2,0,0.20908576567574222,0,0,0.9902,1,
659,19,16,0,4,2,,0,1,-1.697486992956301,3,0,2,12,0,0.2519272371598537,0,0,0.8437,1,
660,39,14,0,7,4,1.3728501878729404,1,1,-0.9427009006850801,2,0,2,7,2,0.20532397670029265,0,0,0.961,1,
661,20,14,0,4,3,4.952081798374541,2,1,0.010347580855413652,1,0,1,4,1,0.21530486014211808,0,0,0.9816,1,
662,15,17,1,2,1,8.099139521172273,0,1,-1.5703515671486654,3,0,1,3,1,0.23788273999282797,0,0,0.8172,1,
663,38,14,0,7,3,4.603149316895769,2,0,-0.09150445867807555,1,0,1,5,1,0.2630495077270051,0,,0.9587,1,
664,42,15,1,4,1,12.413625091494344,1,1,-1.1720631320288513,1,0,1,5,0,0.28902823855533033,0,0,0.8386,1,
665,15,17,0,5,3,1.5240706599203602,1,1,-2.086653103338155,4,0,1,5,2,0.2071064854564812,1,0,0.9362,1,
666,19,14,1,3,4,3.0863588825728194,1,0,-1.7242570059543156,4,0,2,7,1,0.27814228401283075,1,0,0.8362,1,
667,26,16,1,8,1,17.64951154971044,0,1,-0.9354268083806687,1,0,1,2,1,0.32,0,0,0.8085,1,
668,33,14,1,4,1,,0,1,-2.354058983134214,4,0,1,3,1,0.26519222858563657,1,0,0.6531,0,academic_performance
669,24,14,1,0,2,11.491970223768964,0,1,-1.6040457974406013,2,0,1,9,2,0.32,0,1,0.8955,1,
670,34,13,0,5,1,13.281267667486551,0,1,-0.9900748455694679,1,0,1,5,3,,0,1,0.8932,1,
671,39,17,0,3,1,5.642416497003543,0,1,-1.0698600505254758,1,0,1,5,1,0.2277462528553253,0,0,0.9319,1,
672,19,13,1,6,4,6.928508513520365,1,1,-0.45496569717697266,1,0,1,4,2,0.24837418958643226,0,0,0.9729,1,
673,40,17,1,2,1,4.098365984207372,0,1,-0.3249682384545143,1,0,1,4,2,0.297614262123862,0,,0.9487,1,
674,39,17,1,1,4,8.35003344879562,0,1,0.7543856312132544,1,0,3,11,2,,0,0,0.9716,1,
675,46,13,1,2,2,9.01692155890168,0,1,0.22999907852999013,1,0,1,2,3,0.24805100400899388,0,1,0.9721,1,
676,22,13,1,5,2,2.22191972993219,,1,-1.7855110942962926,3,0,3,17,0,0.32,0,0,0.8574,1,
677,40,17,0,3,4,1.1663915120309793,,0,-0.45436381413596216,0,1,1,6,0,0.2590329521504572,0,0,0.9876,1,
678,46,16,0,1,5,5.781573116312655,2,1,-0.06636196579838338,0,0,1,3,1,0.16521224513268506,0,0,0.9824,1,
679,45,15,1,8,2,5.393035466545978,2,0,-0.25536748044079977,0,0,1,7,0,0.30452767301715566,0,1,0.959,1,
680,45,16,0,4,2,16.929296315631422,0,0,-0.9181544894626393,1,0,1,5,1,0.28299872183613045,0,,0.6938,1,
681,19,16,0,7,3,,0,1,-0.9955195994332078,1,0,1,7,1,0.22463631015876423,0,0,0.916,1,
682,43,15,0,7,1,3.161690599702059,,0,-0.017812995140431775,1,0,1,4,0,0.2396611025456057,0,0,0.9015,1,
683,21,16,1,3,1,1.9920473438754023,0,1,-1.0027784556142563,0,1,1,9,0,0.2680340012235912,0,0,0.9751,1,
684,43,15,0,4,1,2.9425085258874493,0,0,-2.5038698746720107,2,0,3,19,0,0.32,0,0,0.6178,1,
685,39,13,0,4,2,11.707696522276223,2,0,0.007109013206112125,1,1,3,12,0,0.28890489737002795,0,0,0.8988,1,
686,7,13,0,5,3,3.3827748795663184,0,1,-0.19051878040116146,0,0,1,9,1,0.1920154544178567,0,0,0.9695,1,
687,7,16,1,3,3,8.832228268290095,2,1,-1.2461126595426093,3,0,3,25,0,0.19033300752623106,0,0,0.7465,0,other
688,31,13,0,2,5,3.492132883471577,1,1,0.4149522561748502,0,1,1,9,0,0.19386544770931644,0,0,0.9923,1,
689,12,13,0,6,2,1.4714587881213033,2,1,-0.9523327161554613,2,0,2,11,1,0.21555212823407705,0,0,0.9354,1,
690,35,16,1,2,4,2.5786994730728403,2,1,-2.9913904949743158,4,0,1,7,1,0.20429779171843043,1,0,0.9586,1,
691,37,13,1,4,3,8.481507704853747,2,1,-1.2127831990120213,2,0,2,8,2,0.20191316528303188,0,0,0.928,1,
692,25,17,1,4,5,0.3875643742991121,0,1,0.02908861169645524,1,1,1,4,0,0.16207740963301911,0,0,0.9848,1,
693,37,14,1,5,5,7.612148573411013,1,0,0.8033660087331816,0,0,1,5,1,0.24424010998507117,0,0,0.9775,1,
694,25,15,0,6,2,,0,0,-1.6747654571406838,2,0,1,1,1,0.2800596650217377,0,0,0.8273,1,
695,27,15,1,5,2,,2,1,-0.9247476818609426,2,0,1,5,1,,0,0,0.8983,0,financial_instability
696,10,14,0,5,4,4.993451593319106,2,1,-0.16471888239588295,2,0,1,3,1,0.19458080150678525,0,1,0.9582,0,commute_distance
697,28,16,1,3,1,,0,0,-0.17353603574180515,0,1,1,0,0,0.2371347056682551,0,0,0.9414,1,
698,8,17,0,5,4,4.159299540050405,2,0,0.2596088272778386,1,0,1,3,2,0.18751843171121815,0,0,0.9843,1,
699,30,14,1,5,4,2.0611355060634438,2,1,-1.5061971940961234,2,1,2,5,2,0.18266213452902877,0,,0.9632,1,
700,37,13,0,4,4,0.34365729804520134,0,1,-0.5605628266268695,1,0,1,2,3,0.25933005525869685,0,1,0.9852,1,
701,37,16,0,3,1,6.1125414970912395,1,1,-0.774853132998979,2,0,2,12,0,0.32,0,1,0.8881,1,
702,8,15,0,3,3,2.744694521183943,0,1,-0.601137447371107,2,0,1,3,1,0.2326533078110957,0,0,0.9533,1,
703,38,15,0,6,2,9.423748782750447,0,1,-2.314808794611728,2,0,1,5,3,,0,0,0.9047,1,
704,35,17,0,5,1,5.947913419373816,0,1,-1.4342761273820643,1,0,1,7,1,0.32,0,0,0.8546,1,
705,7,14,0,4,4,8.358770135820267,1,0,0.06730300857247418,2,0,1,4,2,0.23496347622775626,0,0,0.9591,1,
706,4,15,0,4,2,1.8389649457451829,1,1,-2.5093532868625097,3,0,1,6,1,0.2764902708718717,0,1,0.927,1,
707,31,17,0,9,3,1.2427823116129317,1,0,-1.14628113210712,2,0,1,5,2,0.30744844990381776,0,1,0.9439,1,
708,20,14,0,2,2,2.2365051936577873,2,1,-2.217814525828145,2,0,1,5,2,0.2009563988353732,0,1,0.9574,1,
709,24,17,1,4,2,0.541000355426502,0,1,0.08178316575903921,0,0,3,18,2,0.2237302441974803,0,0,0.947,0,other
710,2,14,0,4,4,0.7928709693660747,1,0,-1.567369155190324,4,0,1,6,0,,1,1,0.8955,1,
711,12,16,1,2,4,4.935392751478358,2,0,0.46472625342449303,1,0,1,4,1,0.27894066910862436,0,0,0.9824,1,
712,32,15,1,3,1,20.0,0,1,-1.1156534008220527,2,0,1,3,1,0.32,0,0,0.6359,0,commute_distance
713,30,16,0,4,3,6.533616491024769,0,1,-0.85526974754269,0,0,1,4,1,0.29767973682386095,0,0,0.9693,1,
714,14,17,0,8,1,15.578608091254939,0,0,-2.7496013816210176,3,0,1,7,0,0.2904202470905288,0,1,0.4648,0,household_pressure
715,17,13,0,5,1,,0,1,-1.0168777990961275,1,0,2,10,1,0.32,0,0,0.8642,1,
716,22,16,0,3,1,8.87878413831129,0,1,-1.1523828524957158,1,0,1,4,0,0.25815420758578195,0,0,0.8694,1,
717,16,15,0,2,4,2.5287333380693595,2,1,0.13866941832834007,0,0,1,8,0,0.18918691785745012,0,1,0.9869,1,
718,14,14,1,1,4,3.201184413944976,1,0,-0.26634597198331655,0,0,1,6,2,0.24705488749229015,0,1,0.9839,1,
719,15,16,0,6,2,8.910743216390552,,1,0.19800430530839286,0,0,2,10,0,0.23318410182193833,0,0,0.9182,1,
720,25,14,1,7,1,7.450560140379085,0,1,-0.7898358570084343,2,0,1,3,1,0.2764124697266749,0,0,0.8604,1,
721,27,13,1,6,1,14.434615602174539,0,1,-2.3469576588068457,2,0,1,6,2,,0,0,0.6955,1,
722,31,16,1,4,1,3.3341541318259535,0,1,-1.3539523101445003,1,0,1,3,2,0.2584943733190025,0,,0.8869,1,
723,12,17,0,3,5,10.717634400567766,2,0,0.5571033298360123,0,1,2,6,0,0.24953474495515127,0,1,0.9895,1,
724,8,16,1,8,2,9.452614952142117,0,0,-0.37174541369133735,1,0,1,6,0,0.24018183084123332,0,0,0.8038,1,
725,15,14,0,9,1,3.320357651434364,0,1,-0.357394078517126,0,0,1,7,1,0.2556684264062638,0,,0.9628,1,
726,37,13,0,2,5,11.374314131472078,0,1,0.7513705481635993,0,1,1,3,3,0.16671535223839432,0,1,0.9906,1,
727,40,14,1,8,5,2.4891876065884513,2,0,-0.5028480247452357,1,0,1,2,0,0.21157792791757055,0,1,0.9766,1,
728,37,15,1,7,2,4.151270830700794,0,0,-1.7180587672579448,2,0,1,4,0,0.32,0,0,0.7878,0,financial_instability
729,19,14,0,2,2,,1,0,-0.9110457888172836,2,0,1,5,0,0.3003856501354443,0,1,0.9668,1,
730,45,16,1,6,1,19.78566951075532,2,1,-0.28281012149166407,1,0,2,8,1,0.251957505653036,0,0,0.7974,0,commute_distance
731,27,14,0,10,3,2.13752616117274,1,0,-0.604623252326812,4,0,3,23,0,0.21494697200254326,1,0,0.6922,1,
732,18,13,1,10,1,6.763178040284119,1,1,-1.940616139111548,4,0,1,6,0,0.32,1,0,0.4725,0,household_pressure
733,28,16,0,5,1,14.804094048024949,0,1,-0.8345891327573134,1,0,3,15,1,0.2238971118571524,0,0,0.7376,1,
734,42,16,0,4,5,4.01486224990202,1,1,0.2765275134250101,0,1,1,7,2,0.219446157074834,0,1,0.9931,1,
735,21,17,1,6,1,,2,1,-0.9537254157277586,1,0,1,4,1,0.2622049292394864,0,,0.9871,1,
736,5,13,0,9,1,9.702169750626709,0,1,-2.6542623388643096,3,0,1,4,0,0.25431588944808464,0,0,0.6546,1,
737,15,17,0,7,1,6.36266614316318,0,0,-1.1968500158570445,1,0,1,6,3,0.32,0,0,0.8493,1,
738,47,13,1,6,1,,0,1,-1.9977208525722627,4,0,2,8,1,0.24794101766289786,1,0,0.7861,1,
739,22,17,0,3,1,14.779722453334951,2,0,-0.8738459293569241,1,0,1,4,1,0.32,0,0,0.8968,1,
740,10,15,0,5,5,2.7356423673397687,0,1,0.9214458148749187,0,0,1,7,2,0.20260506119688557,0,1,0.9872,1,
741,42,13,1,2,5,2.793851541639362,2,1,-0.4742054775846223,0,0,1,7,0,0.1429438181602761,0,1,0.9923,1,
742,18,16,1,4,5,4.474953807567329,2,1,0.8615208880336827,0,0,3,13,0,0.22450954899761938,0,0,0.98,1,
743,16,17,0,3,2,15.763442881107887,1,0,-0.7556231179372604,0,1,1,2,1,0.28568695350990647,0,,0.9093,1,
744,5,16,1,3,5,1.2080044337458782,1,1,0.33911154593491116,1,0,2,11,0,,0,0,0.98,1,
745,45,15,1,5,5,1.2342693710001418,2,1,0.3654832165203011,0,0,2,8,2,0.1528613650276497,0,1,0.9929,1,
746,40,16,0,5,2,9.169502778837474,2,0,-1.2307411570772822,2,0,1,6,1,0.2142747593431786,0,0,0.8056,1,
747,19,16,1,6,3,2.550081777481373,0,1,-2.3885461769888967,4,0,1,2,2,0.27830514981896254,1,,0.9322,1,
748,23,13,1,8,3,8.545524679156491,1,1,-0.8475633959138786,2,0,3,16,0,0.25224864455561574,0,0,0.8206,1,
749,12,13,0,4,1,2.576045628176752,0,1,-0.915010451236741,0,0,1,3,1,0.22929915170114573,0,1,0.9484,1,
750,46,15,0,6,4,2.3679772254705083,0,0,-3.761623659005701,5,0,1,4,0,0.2672901622794093,1,1,0.6492,1,
751,44,17,0,3,3,6.226645439600358,0,1,-1.7834237078837147,2,0,1,2,2,,0,0,0.9311,1,
752,7,15,1,3,2,2.597772454162908,0,0,0.8001832845896375,0,0,3,17,0,0.32,0,0,0.8491,0,health_related
753,12,13,0,1,4,3.6280937903511012,1,1,-1.3141112724170207,1,0,1,8,1,0.26672799701584027,0,1,0.9728,1,
754,42,13,1,3,2,9.269858807191596,0,1,-0.4310610751236599,1,0,2,7,2,0.29270623983590477,0,0,0.9397,1,
755,11,16,1,8,1,3.981983919375486,0,1,-0.6677436741044316,2,0,3,17,0,0.25615774751203896,0,,0.8642,1,
756,17,16,1,5,2,1.6750095837648515,1,1,-0.8548337411986743,1,0,1,4,3,0.2108515229236495,0,0,0.9783,0,other
757,39,15,1,7,1,10.315589713495223,0,1,-2.5574608693287124,4,0,1,3,1,0.25747034585078454,1,1,0.6115,1,
758,12,14,0,5,2,7.80818619629158,0,1,-1.5955647532971113,1,1,1,4,1,0.2151607359777281,0,0,0.9233,1,
759,40,14,0,5,2,1.6012822138052818,1,1,-2.5643278423690803,4,0,1,3,1,0.25016975760285715,1,0,0.8491,1,
760,31,15,0,3,1,2.5491896796114184,0,1,-1.8598881452775249,2,0,2,12,0,0.2575037346492201,0,0,0.8461,1,
761,9,13,0,6,1,,0,1,-2.1885068089008257,4,0,1,6,1,0.28440052260114584,1,0,0.7595,1,
762,2,15,0,4,1,20.0,0,1,-1.818979121873647,2,0,1,4,0,0.3115059333499653,0,0,0.3298,1,
763,9,13,1,4,4,11.139374141592373,,1,-0.906268770389698,1,1,1,5,0,0.18914723968796196,0,,0.9665,1,
764,25,16,1,3,4,10.699023521737226,2,1,-0.676503237594803,2,1,3,15,1,0.22960029903762605,0,0,0.8791,0,health_related
765,46,16,0,8,2,5.7511341712764406,0,1,-1.2089722868681076,2,0,2,11,2,0.32,0,0,0.8173,1,
766,23,17,1,3,2,9.209847542329806,0,0,-1.3726359695696373,3,0,1,2,0,0.2661455985735566,0,0,0.855,0,psychosocial
767,7,14,1,1,4,,2,0,0.10466639905957015,1,0,1,6,2,0.1849260193748721,0,0,0.9744,1,
768,3,16,0,6,2,4.255645156612121,,1,-0.5203571525603367,1,0,1,2,1,0.32,0,0,0.9602,1,
769,9,17,1,3,3,1.722719762747823,0,1,-1.0006846117022439,2,0,1,1,0,,0,0,0.9668,1,
770,21,14,0,1,4,7.514699949306451,2,1,0.25346150377268906,2,0,1,5,3,0.2066756699182933,0,1,0.9883,1,
771,21,17,1,3,3,0.9149486887228307,1,1,-0.8866140945202114,1,1,2,6,1,0.23202238208000434,0,0,0.9716,1,
772,15,14,1,2,5,2.0735025991653417,0,1,-0.13170216173575444,2,1,3,17,1,,0,0,0.9714,1,
773,30,14,0,3,1,9.400862945007251,1,1,-1.958606569018248,3,0,1,3,0,0.2309690068379298,0,0,0.7706,0,academic_performance
774,12,15,0,6,1,13.127588380766447,1,0,-2.1824081732751175,3,0,2,11,0,,0,,0.638,1,
775,12,17,0,8,5,2.5623973817677186,2,1,0.5255005084325155,0,0,1,6,2,0.21405520113316656,0,0,0.971,1,
776,44,14,1,6,3,,,1,-0.8200370571216852,1,0,1,5,1,0.27828616397833483,0,1,0.907,1,
777,26,17,1,6,2,4.591435442981121,0,1,-1.6381439774237223,1,0,2,9,1,0.30281382987941946,0,0,0.9032,1,
778,29,16,1,7,5,1.3095794242207124,1,1,-0.037692960643672294,1,0,2,11,1,,0,0,0.9454,1,
779,27,15,0,3,5,1.0219080544065593,0,1,0.31593026013632264,0,0,3,22,1,0.15801507144477986,0,0,0.9908,1,
780,8,15,1,3,4,9.455392653261464,0,0,-1.6728412453491424,3,0,2,6,1,0.26870879224547173,0,0,0.7528,1,
781,28,15,1,5,1,4.136151276713199,0,1,-2.3981665389538938,4,0,1,2,1,0.26369295955217725,1,0,0.7784,1,
782,36,15,0,5,2,3.750731410277852,1,1,-1.1329228941431853,2,0,1,3,1,0.29147911445692654,0,0,0.911,1,
783,2,14,1,6,4,7.089313301840927,0,1,-1.0897536797210037,3,1,1,6,1,0.2464433798543878,0,1,0.8711,1,
784,18,16,1,2,2,9.520502400937481,0,1,-2.2492790388710393,3,0,1,4,0,0.20710844199062273,0,0,0.7296,1,
785,14,13,0,5,3,2.9482623978749474,2,1,-1.2145882138828894,1,1,1,5,1,0.29128915193924204,0,,0.9611,1,
786,29,14,0,2,4,2.5921313272833237,0,0,-2.0741617358617885,2,0,1,3,1,0.26855253042310906,0,1,0.951,1,
787,43,15,0,4,3,3.7094687664050303,0,0,-2.472301574522342,3,0,1,5,0,0.3045764362204969,0,0,0.8029,1,
788,18,17,0,5,2,6.996259570256116,0,1,-1.0342969491779497,2,0,1,4,2,0.32,0,0,0.8482,0,financial_instability
789,4,17,1,4,3,2.896503698394003,0,1,-0.7549989324187024,0,0,1,5,0,0.1826450489541716,0,0,0.9738,1,
790,31,16,1,4,5,6.265209286798086,2,0,1.1906878925864786,0,0,3,16,1,,0,0,0.9913,1,
791,15,13,1,5,2,4.583989687832219,1,1,-2.0059838932103546,4,0,3,17,0,0.32,1,0,0.7422,0,health_related
792,33,16,1,5,2,1.689115740118602,0,1,-4.0,7,0,2,10,0,0.32,1,0,0.3269,0,academic_performance
793,7,16,0,4,3,5.9536527333460505,,1,-1.9568370750556205,3,0,2,6,1,0.3031315021754837,0,1,0.9233,1,
794,14,17,0,3,1,1.9785723795158001,0,1,-1.9063046023593389,2,0,2,8,1,0.30759463365169804,0,1,0.9067,1,
795,19,16,1,4,2,4.0523324033202615,0,1,-0.8506643656623825,1,0,1,3,1,0.32,0,0,0.9538,1,
796,40,16,1,5,2,5.306797932012697,0,1,-0.40262342403512036,1,0,2,7,0,0.2860200042539202,0,1,0.9637,1,
797,26,14,1,5,4,3.44859001251025,2,1,1.2611633858784637,0,0,2,5,0,0.2425508805660549,0,0,0.9772,1,
798,30,16,1,1,4,1.5863775932492135,1,0,-0.9271441472049535,2,0,2,14,0,0.16433870425864808,0,1,0.8928,1,
799,34,15,1,1,4,9.44629004239552,0,0,0.13793754073658535,0,0,1,6,0,0.2568413883420104,0,0,0.9722,1,
800,29,16,1,7,1,4.583525165638263,0,1,-1.3908497185845377,2,0,2,16,2,0.25609000656666703,0,0,0.7782,0,health_related
801,42,13,1,1,1,1.2432014992073674,0,0,-0.4685709790055901,1,1,1,2,1,0.22789431257916054,0,0,0.9568,1,
802,11,16,1,4,5,1.8914438252888364,2,0,1.221131846455529,0,0,1,8,0,0.22754005206807756,0,0,0.9947,1,
803,30,15,0,3,3,4.0713002423227325,1,0,-1.49347867394995,2,0,1,7,2,0.19522943983928942,0,1,0.9429,0,academic_performance
804,12,17,1,3,5,6.964307522143758,2,1,0.5736874063771361,0,1,1,3,1,0.17532254869572447,0,0,0.9945,1,
805,27,17,1,5,2,8.391722926969834,0,1,-0.9721710032247466,1,0,1,6,2,,0,,0.8829,1,
806,19,15,1,2,1,1.3033091136078574,0,1,-1.8403816057154585,4,0,1,7,1,0.32,1,0,0.8111,1,
807,44,15,0,4,3,4.496729472100869,0,1,-0.15913214934710812,1,0,1,1,1,0.22936125136952107,0,1,0.9781,1,
808,2,14,0,6,1,0.981023111046534,,1,-1.2791312483875363,2,0,2,6,0,0.2205658332033508,0,0,0.8627,1,
809,26,13,1,4,2,13.940323397064036,0,0,-1.2560090807639446,1,1,1,1,2,0.32,0,0,0.8271,1,
810,3,13,0,5,2,10.084984893074127,2,1,-2.1587519318186157,2,1,3,13,0,0.22848915123258112,0,0,0.7312,1,
811,18,13,1,7,4,7.326849191362394,1,1,-0.15331930893106138,0,1,1,6,1,,0,0,0.9828,1,
812,32,17,0,5,3,7.670329691470939,0,0,-0.9721676321460684,1,0,1,2,0,0.23584138019596065,0,0,0.8089,1,
813,12,15,1,2,3,2.915812978053115,0,1,-1.2312441307094681,4,0,1,7,1,0.24539304439120402,1,0,0.9333,1,
814,15,13,0,5,2,16.773177356448723,1,1,-2.09721302148706,3,0,1,7,0,0.2803829024744473,0,1,0.6388,1,
815,32,14,0,6,5,3.3171259832840128,1,1,0.7351626547720491,0,0,1,5,1,,0,1,0.9893,1,
816,34,17,0,5,5,,1,0,0.40988213003959495,0,0,1,7,0,0.1649840938625803,0,0,0.9712,1,
817,31,16,0,8,3,,0,1,-2.6887654908023864,5,1,2,9,1,,1,0,0.7503,0,academic_performance
818,4,14,0,8,3,,1,1,0.3353673460871438,0,0,1,0,1,0.2962214347702036,0,0,0.9886,1,
819,16,14,1,6,1,,0,1,-1.4782934782939474,2,0,1,7,0,0.27661716652115137,0,0,0.7773,1,
820,35,17,0,1,4,0.9296972842423062,0,1,-1.2047711703177963,1,0,2,9,1,0.2106550231688139,0,,0.9666,1,
821,41,15,0,5,3,7.586725694657234,2,0,-0.7139655470114524,3,0,1,7,0,0.2950990571589228,0,,0.8795,1,
822,11,13,0,7,1,8.337527279950725,0,1,-1.903885713488691,3,0,1,6,1,0.2884469819015051,0,0,0.7375,0,household_pressure
823,19,16,0,6,1,2.351047612426041,,1,-2.0594490408684947,2,0,2,9,0,0.32,0,0,0.8584,0,financial_instability
824,41,14,1,8,1,5.142950320073136,0,1,-3.870133994764875,5,0,1,6,1,0.3154465246672277,1,1,0.6363,1,
825,6,16,1,6,2,5.240321253667368,0,1,-2.0148717359088972,3,0,2,8,0,0.3137458457822331,0,1,0.7534,0,academic_performance
826,43,16,0,6,3,13.711707423299137,2,1,-0.07395976309267632,0,0,2,12,1,0.2013655589221026,0,1,0.9604,1,
827,18,15,0,5,1,3.4315409411311326,0,1,-1.7691992616730003,4,0,1,5,0,0.32,1,0,0.587,1,
828,33,14,0,2,5,1.91197540823466,2,1,-0.9362970181471894,4,1,1,4,0,0.16088803391343354,1,0,0.9541,1,
829,21,16,1,5,1,7.003034446325323,0,1,-0.30721396412549745,0,1,1,4,0,0.3176289729702737,0,0,0.9356,1,
830,19,15,1,4,1,9.93367304800138,1,1,-0.9007257632070814,2,0,1,7,1,0.2375754847172887,0,1,0.9089,1,
831,18,16,1,3,4,6.870374556288454,1,1,-0.34317948917606333,0,1,2,5,1,0.22030051370581355,0,,0.9827,1,
832,2,14,0,9,3,6.557230155966716,0,0,-3.473686675565692,5,0,3,12,0,0.2202789335092012,1,1,0.4084,1,
833,43,16,0,4,4,14.818556715597204,1,0,-1.1781740456615732,3,0,1,6,1,0.24280397255561254,0,1,0.9187,1,
834,36,13,0,2,5,3.5722690819957044,2,1,-0.4380778967741633,2,0,2,7,1,0.20701363696736985,0,0,0.9825,1,
835,44,14,0,1,5,5.0317229124192195,2,1,-0.9383535291347413,0,0,1,3,1,0.2457338503934947,0,0,0.9884,1,
836,27,17,0,6,3,1.329534135507476,2,1,0.8066316319905611,1,0,1,4,2,0.27847905592023764,0,1,0.9867,1,
837,46,15,1,7,3,1.140538503217452,1,1,-0.5674274464928617,2,0,1,3,1,0.2631874007739769,0,0,0.8919,1,
838,4,15,1,7,1,5.639677810098527,0,0,-4.0,6,0,1,6,1,0.32,1,0,0.2701,1,
839,17,16,1,3,2,2.907396275367434,,1,0.6839036090675016,0,0,1,6,1,0.20516193628200108,0,,0.9839,1,
840,27,16,0,5,2,2.288166399831608,0,1,-0.48716594882211156,1,0,1,9,1,0.31975076291229554,0,0,0.9339,1,
841,23,13,0,4,1,6.089677886873272,0,1,-1.4530964645744806,2,0,2,11,1,0.2223095199113298,0,0,0.8927,1,
842,1,14,0,2,3,2.357048989007676,0,1,-0.758701492202638,2,0,1,6,0,0.23219691117191849,0,0,0.9708,1,
843,5,16,0,7,1,13.82725610308252,0,1,-3.5958067870130392,4,0,1,11,1,0.29649329669635915,1,0,0.4169,0,academic_performance
844,22,15,0,4,3,7.885013604610846,0,1,-0.05331703130730847,1,1,2,11,0,0.29983270607774637,0,1,0.9464,1,
845,39,15,0,3,5,3.2758756050596123,0,0,-0.09025959302574105,1,0,1,6,1,0.16922096051943564,0,0,0.9576,1,
846,29,17,1,6,2,7.631621618503532,0,1,-1.494459482253539,2,0,1,7,1,0.24702536425560545,0,0,0.8784,1,
847,14,17,0,3,3,10.27645225994861,0,1,-1.8280730869403556,3,0,1,7,1,0.27297569086227447,0,0,0.8086,0,other
848,38,17,1,5,1,5.666305900206209,0,0,-1.0887921888518828,2,0,2,9,2,0.293023088008438,0,0,0.9055,0,financial_instability
849,42,13,0,7,2,4.094105474037023,0,1,-2.6085586789641546,2,0,2,12,0,0.2159315182104739,0,,0.7718,1,
850,14,15,1,6,1,,1,1,-1.532612501025679,1,0,1,5,1,,0,0,0.9291,1,
851,44,13,1,4,2,2.0944348137844195,2,1,0.08313153930583583,1,0,1,2,1,0.2817372915222904,0,0,0.9774,1,
852,11,16,1,2,1,9.066696570918818,0,1,-2.1991000664406344,3,0,1,3,0,0.22986978891029894,0,,0.8043,1,
853,28,14,0,3,2,20.0,0,1,-1.1846872617105593,2,0,1,8,2,0.20790221246103138,0,0,0.8188,1,
854,16,13,1,8,4,,0,1,0.7762478570268265,1,0,3,18,0,0.17123078028482036,0,1,0.9681,1,
855,34,16,1,6,4,8.871049547558634,2,1,0.8115364358003865,0,0,2,14,1,0.17456352257005608,0,0,0.9735,1,
856,3,14,1,1,5,0.8586972265936609,1,1,0.4552587194755718,0,1,1,5,1,0.15394330460369202,0,1,0.993,1,
857,3,17,1,3,5,5.0585706951661775,0,0,0.02639947343850231,1,0,1,6,3,0.24156464045740597,0,,0.9716,1,
858,44,15,1,2,3,,2,1,0.07274015397221996,0,1,1,7,1,0.20490153645747505,0,0,0.9776,1,
859,9,13,0,1,4,10.840561573272861,1,1,0.42741959328710377,0,0,1,7,1,0.25517602973492187,0,0,0.9611,1,
860,42,15,1,4,3,10.014583136729945,,0,-0.39451895328332925,1,0,1,5,0,0.22814745470246228,0,0,0.9439,1,
861,32,17,0,5,1,19.112910126137603,0,1,-1.3433548706332155,2,0,1,3,1,0.28355832944770815,0,0,0.5701,0,commute_distance
862,29,14,0,5,4,0.5783569418019918,1,1,-0.9808068708915868,1,0,2,8,1,0.20894120990037918,0,,0.9817,0,health_related
863,35,16,0,5,3,9.068344449423366,0,1,-0.47303433144660645,2,0,2,4,0,0.26089887552539626,0,0,0.9358,1,
864,4,16,1,4,5,12.242771860837994,1,0,0.26504145504097243,2,0,1,4,1,0.2241203875673934,0,1,0.9625,1,
865,3,14,0,4,1,,2,0,-2.002879506180386,3,0,1,2,1,,0,0,0.5901,1,
866,4,14,1,6,5,,2,1,-0.4403614734987802,1,0,3,13,0,0.16558539818683898,0,1,0.9801,1,
867,1,16,1,1,1,3.9339532069414145,0,1,-1.306138219854903,2,0,1,5,0,0.3163956398513629,0,0,0.9702,1,
868,44,17,0,6,1,6.392858089585414,0,1,-2.575022767024662,3,0,3,16,1,,0,1,0.8122,1,
869,22,15,1,4,3,3.460947858165132,0,1,0.7404341037183247,0,0,1,7,0,0.22517847380847517,0,1,0.9836,0,psychosocial
870,6,14,0,6,2,11.75233628246972,0,1,-1.7495743579878567,3,0,1,4,0,0.28200811449720675,0,1,0.7415,1,
871,15,15,0,3,3,6.330989832264298,1,0,-0.8722876477038116,3,0,1,3,1,0.22378195995796174,0,0,0.9012,1,
872,7,16,0,4,2,3.759710760663923,2,1,-2.0821243726189773,3,0,3,13,1,0.2144174784412484,0,1,0.9243,1,
873,43,15,0,7,1,7.859349945745487,1,1,-0.4696789870681801,2,0,1,7,1,0.32,0,1,0.8673,1,
874,37,15,0,2,4,9.27591477167617,2,1,-0.6020869885203547,1,0,1,3,2,0.22808950332074712,0,0,0.9703,1,
875,1,13,1,3,4,4.316514163786637,1,1,0.5289113093181217,0,0,1,9,1,0.17058717950652752,0,0,0.9855,1,
876,15,16,0,2,2,12.855279772688153,0,1,0.5390350871505515,0,0,1,4,2,0.28292940701860747,0,0,0.9415,1,
877,31,15,1,9,2,12.579091249259392,0,1,-0.4309338793324518,1,0,1,5,2,0.29815784753141344,0,1,0.8857,1,
878,20,15,0,4,4,2.3198751425574695,0,1,1.2767924579604486,0,0,1,7,2,0.17334972134938775,0,,0.9875,1,
879,11,16,1,4,2,5.724338354008869,0,1,-2.4879997073952484,3,0,3,14,0,0.29548147770055466,0,0,0.6589,1,
880,20,14,0,6,3,3.1356114721915067,0,1,-1.6222692442020543,3,0,1,2,2,,0,0,0.9655,1,
881,21,13,0,3,5,0.6145103594041809,1,0,0.8025612425193868,0,0,1,4,1,0.18814475022854582,0,0,0.9903,1,
882,33,16,0,6,4,5.8147036416044555,1,1,-1.006021153749481,2,0,2,4,1,0.23619135656055265,0,1,0.9151,1,
883,27,14,0,10,3,6.691302011004669,2,1,-1.147141133941573,3,0,1,4,1,0.28977823604898434,0,0,0.9122,1,
884,23,17,0,9,4,6.921475204013199,1,0,-1.725664957409887,2,0,1,8,1,0.1759571588292629,0,,0.8745,0,academic_performance
885,29,14,0,4,1,9.830558471824304,2,1,-1.5547615948321236,1,0,3,17,1,0.2248797950292575,0,0,0.6928,1,
886,39,16,0,3,4,0.3314765910976967,1,0,-1.4511800205519247,4,0,3,16,0,0.22786336230977883,1,0,0.8536,1,
887,5,13,0,3,1,,0,1,-1.762202128406637,2,0,1,2,1,0.23900798029887171,0,0,0.9357,0,academic_performance
888,24,13,1,7,2,4.615226871502026,0,1,-1.8204761402184366,1,0,1,12,1,0.2412263211622822,0,0,0.7714,1,
889,36,17,0,4,3,1.9340439487217633,0,0,0.2374578003576319,0,1,2,11,1,0.23748937393909558,0,0,0.9556,1,
890,14,13,1,6,2,2.023019126307299,0,1,-2.9698993846403914,3,0,1,3,0,0.2982728456513323,0,1,0.8351,1,
891,41,13,1,6,4,7.333090153487777,0,1,-0.8782513329882671,0,0,2,13,0,0.26201167192360303,0,0,0.9131,0,health_related
892,10,14,1,3,3,13.692947296942064,1,1,-1.110836056636009,2,0,1,7,2,0.18868608704426312,0,0,0.8616,1,
893,2,13,0,4,5,3.696161009167362,1,0,0.07135652481526455,1,1,1,3,1,0.2354391630103821,0,0,0.9826,1,
894,36,14,1,9,2,,0,1,-2.204886268631309,4,0,3,13,0,0.22791389389596592,1,1,0.728,0,health_related
895,36,16,1,3,3,10.091671893612116,1,1,-2.406120411312624,5,0,1,6,1,0.23017229417177826,1,0,0.8504,1,
896,11,13,1,8,1,12.895234307005994,1,0,-2.393306514451526,4,0,2,19,1,0.2854360265191515,1,1,0.4953,1,
897,47,17,0,5,1,6.571576073297396,0,1,-1.41816860023523,3,0,1,5,0,0.24951459392006972,0,1,0.834,1,
898,29,17,1,7,3,1.3169506761060092,0,0,-0.9413226030996771,2,0,2,14,2,0.25962518408487983,0,1,0.8682,0,health_related
899,2,14,0,6,5,4.794066713302879,2,0,-0.9924195145045188,2,0,1,3,2,0.18989704996459073,0,0,0.9249,1,
900,29,14,1,2,2,,1,1,-0.7153593298272092,1,0,1,6,0,0.32,0,1,0.9172,1,
901,17,13,0,0,3,1.3201743585353358,0,1,-1.1676448234940202,1,0,2,5,1,0.25346505024726024,0,0,0.9579,1,
902,46,15,0,3,5,5.87508180940763,2,1,-1.476154414239766,1,1,1,7,2,0.16817770478104968,0,1,0.9867,1,
903,13,15,0,9,1,4.710674846291301,1,0,-1.4067900297866087,1,0,1,8,1,0.24865658466658014,0,0,0.7314,1,
904,5,13,1,6,4,18.865707679387317,0,1,-0.47169836224408124,3,0,1,5,1,0.2745624962958593,0,1,0.9038,1,
905,42,17,1,2,4,4.308180356785046,1,1,-1.4101528669142134,2,1,1,9,2,0.2551514044277006,0,0,0.9406,1,
906,10,14,0,4,3,9.93524184191316,1,1,-0.8990265071132337,1,0,1,8,2,0.25809417695629583,0,1,0.9543,1,
907,16,16,1,5,2,4.891770719833433,0,1,-1.4194379932456012,2,0,1,1,0,0.28700960753515864,0,0,0.8621,1,
908,32,15,0,2,4,1.1885787790506606,,1,-0.5434335516949798,2,0,1,4,0,,0,0,0.9681,1,
909,16,16,0,2,5,3.208067757953161,2,0,0.585140294771223,1,1,1,6,2,0.16185496875278127,0,0,0.9906,1,
910,16,15,0,4,2,3.519085547034807,0,1,0.1208932471044879,1,0,1,8,2,0.2612407940745798,0,0,0.9485,1,
911,24,17,0,7,2,9.158523914254612,1,1,-0.8529723806516727,2,0,1,3,0,0.32,0,0,0.8919,1,
912,7,13,1,4,4,6.931745491407368,0,1,-3.077838916632561,5,0,1,5,0,0.24104123045559328,1,0,0.6979,1,
913,26,16,1,6,3,7.604833376553991,1,1,0.2372621457186988,0,0,1,1,1,0.2566466880972525,0,1,0.9655,1,
914,43,16,0,2,1,5.693062512894784,0,1,-1.064928033488978,2,0,1,5,0,0.31269507073539643,0,,0.8305,0,financial_instability
915,47,16,0,6,4,7.815281797358616,0,0,0.841553909723306,1,0,1,6,1,0.20980980530047857,0,0,0.9461,1,
916,35,17,1,6,3,2.1375286897272283,0,0,-0.08132446651921454,3,1,2,4,1,,0,0,0.9498,1,
917,28,17,0,5,2,,0,1,-0.7788936248149054,1,0,1,2,0,0.2034577507411403,0,0,0.8966,0,psychosocial
918,11,14,0,5,2,5.302876413463615,1,1,-1.9327410056975483,4,0,1,3,0,0.3001766196139114,1,0,0.8718,1,
919,42,14,0,4,3,10.292190755193301,0,0,-1.0437944688640783,2,0,2,8,1,0.21217656244601002,0,0,0.8884,1,
920,5,14,0,2,2,11.81204014142018,0,1,-1.4088422214863119,3,1,2,10,0,0.3140256917909479,0,0,0.8848,1,
921,34,13,1,3,3,3.999409243948019,1,1,-0.9781273747932842,2,0,1,6,2,0.22913104754039054,0,0,0.9721,1,
922,40,16,1,5,1,7.890883830238349,0,1,-2.0092554909425235,3,0,1,6,1,0.2913810292748774,0,0,0.7087,1,
923,22,17,1,6,2,20.0,1,1,-2.1706392819555536,2,0,1,3,1,0.22860002947957414,0,0,0.6422,1,
924,27,15,0,5,4,0.4160334909491345,2,1,0.08511566033162049,0,1,2,5,1,0.18547284939666447,0,0,0.9905,1,
925,39,17,1,6,1,17.581285382651046,0,1,-1.3768684486872933,2,0,1,3,1,0.23161905016366707,0,0,0.5738,0,commute_distance
926,44,13,1,7,3,5.450666642982111,2,1,-1.886920145693471,2,0,1,2,1,0.23985436307291805,0,0,0.9704,1,
927,2,16,1,3,3,2.5761176098335103,2,0,-2.388608776734751,2,0,1,2,0,0.18436559259052646,0,0,0.9492,1,
928,25,13,0,6,4,1.7037399206155008,0,1,-1.4610965191458225,3,0,1,7,1,0.27888496838069166,0,,0.9397,0,academic_performance
929,20,16,0,9,1,5.207866615086964,0,1,-0.3794056522155007,0,0,1,5,2,0.29685225541820615,0,0,0.967,1,
930,11,17,1,3,4,,1,1,-0.5430339809098612,2,0,1,4,3,0.17977225810096634,0,0,0.9638,1,
931,41,14,0,3,2,1.9575392567921839,1,1,-1.9663763104242766,4,0,1,5,1,0.25009067068811175,1,,0.9002,0,academic_performance
932,7,16,0,2,1,4.224951362259721,0,1,-0.8153326787735907,2,0,1,7,1,0.31568386195223763,0,0,0.9003,1,
933,16,16,0,10,1,12.920259362327421,,1,-2.7634999545564494,2,1,1,8,2,0.22085727396106905,0,0,0.534,0,other
934,20,15,0,6,3,2.2634037656053914,2,0,0.2766172277747028,0,0,1,9,1,0.249688398496622,0,1,0.9829,1,
935,11,15,0,5,3,11.269615744717031,0,1,-0.1419271891263099,0,0,1,10,2,0.19449963861776387,0,1,0.9572,1,
936,33,13,0,3,3,,0,1,-0.7412440005164566,1,0,2,11,1,0.23508610315912265,0,0,0.9019,1,
937,31,16,1,8,5,4.057692445580443,1,0,0.19948800254451246,1,0,1,8,1,0.2020112763376642,0,1,0.982,1,
938,1,17,1,4,2,14.822850202104025,1,1,-2.5940012487218995,3,0,2,11,0,0.32,0,0,0.5961,1,
939,8,14,0,4,1,5.128933783377092,1,1,-3.9843548415690533,7,0,1,2,1,0.2713262548579369,1,0,0.6297,1,
940,19,14,0,7,2,20.0,1,1,0.5949346177734735,0,1,2,10,0,0.20932545821709833,0,0,0.8842,1,
941,42,13,1,8,1,9.9453250510171,0,1,-1.7241165804962708,2,1,1,4,1,0.29051178038956815,0,1,0.88,1,
942,19,14,1,3,4,6.435137872131614,0,1,0.8827072547819463,1,0,2,15,1,0.2671179395493128,0,0,0.9742,1,
943,20,16,0,7,4,8.643538659855238,0,1,-1.6358004634717764,2,0,1,2,1,0.2300501447859131,0,1,0.9547,1,
944,32,16,0,4,2,5.293036490409198,,1,-1.1024863412501251,1,0,1,7,2,0.2841293736951176,0,0,0.9032,1,
945,38,17,1,2,2,1.7403108875178064,0,1,-1.4422117142295359,3,0,1,6,0,0.29162302919357597,0,,0.966,1,
946,10,17,0,4,2,0.7256889217418281,1,1,-2.63007419090465,5,0,1,10,1,0.32,1,,0.8654,1,
947,32,15,0,4,3,0.48437650055613773,2,1,-3.2193933025624437,5,0,1,9,1,0.2990018583591539,1,1,0.9145,1,
948,42,13,0,4,1,20.0,1,1,-1.3867302493202147,1,0,2,5,2,0.2483905789882545,0,0,0.7811,1,
949,42,13,1,5,3,9.063199736682162,1,0,0.6283076446989386,0,0,3,14,0,0.2862127591392859,0,0,0.9514,1,
950,16,15,1,3,1,20.0,0,1,-2.241634210023408,1,1,1,5,0,0.2830632317981637,0,0,0.4277,0,commute_distance
951,37,16,0,3,4,9.914745442672968,1,0,-0.1197606535673906,1,0,1,2,1,0.27250382015763586,0,0,0.9139,1,
952,39,14,0,3,3,1.6857240505930318,0,1,-0.5941745219858239,2,0,1,6,2,0.18510579675976918,0,0,0.97,1,
953,8,15,0,3,2,20.0,0,1,-3.8143187722197807,4,0,2,5,2,0.2306521069560424,1,0,0.3503,0,academic_performance
954,39,17,1,2,3,6.408428008395745,0,1,-0.3924526557928082,1,0,3,13,1,0.29918599142819324,0,0,0.936,1,
955,44,16,1,4,2,9.86506321571261,0,1,-0.7423585341358062,2,1,1,6,1,0.28488995141921425,0,0,0.9472,1,
956,42,14,1,1,4,10.805371318769918,2,0,-2.087593613702983,3,0,2,11,2,0.21285237467824847,0,0,0.8997,1,
957,41,17,0,3,1,,2,1,-0.6792303068033144,0,1,2,11,2,0.2722601007150821,0,0,0.9345,1,
958,13,14,1,4,2,6.328441208507576,,1,-2.204894172548305,2,0,1,3,0,0.24944145068652102,0,0,0.8893,1,
959,24,13,0,8,2,5.130738971340495,1,1,-2.207898336166368,2,0,3,18,0,0.298652959777636,0,0,0.6773,1,
960,40,16,0,7,1,11.552077090207844,1,1,-2.1469122175389903,3,0,1,5,0,0.31191111914423686,0,1,0.6757,1,
961,5,16,0,7,3,4.824499000811163,0,0,-0.4063781766221379,1,1,3,14,1,0.2650146937893305,0,0,0.9619,1,
962,11,17,0,4,1,1.8791693447074147,0,0,-2.844707607615665,3,1,1,8,0,0.23234035470105177,0,,0.8135,1,
963,10,13,1,5,3,3.6104419093570144,2,0,-0.7216163496780755,0,1,1,4,0,0.24699970423026535,0,0,0.9714,1,
964,19,16,0,7,4,3.883904995662211,2,1,-0.8124194703526122,2,0,1,8,1,0.23649472372453811,0,,0.965,1,
965,6,17,1,6,2,2.6053084203383734,0,1,-1.9303461801018893,4,0,1,3,1,0.2872566024214848,1,1,0.8092,0,academic_performance
966,9,15,1,9,2,5.691574227666679,1,1,-2.659549783913376,2,0,1,4,1,0.3067278376395113,0,1,0.9193,1,
967,47,17,0,8,2,6.899177529837971,0,1,-0.6313313787386707,1,0,3,23,1,0.3014936058914194,0,0,0.7359,1,
968,23,13,0,5,2,4.765468192553827,0,1,-1.9293548665912361,3,0,1,4,2,0.3080184993754763,0,0,0.8859,0,financial_instability
969,39,13,1,2,2,1.4230164430436762,,1,-1.8745913015083282,3,0,1,9,0,0.27008304294431895,0,1,0.9487,1,
970,4,14,0,6,3,,2,1,-0.4394128397927494,1,0,1,3,2,0.2067041653666979,0,0,0.9781,1,
971,3,17,1,4,2,,2,1,0.4051542347752034,0,0,3,18,0,0.22842758764819715,0,1,0.9334,1,
972,45,16,0,8,3,0.42070390994165774,1,1,-1.060750568000899,3,0,1,9,0,0.2311673609732139,0,,0.9097,1,
973,46,16,0,4,2,10.616294829922127,0,1,-1.2577020893134017,3,1,2,13,0,0.21254980774691004,0,1,0.7346,1,
974,1,13,0,5,4,0.9230174155838671,1,0,-0.22884679859457727,1,0,1,6,2,0.20237908196954693,0,1,0.9829,1,
975,12,17,1,4,5,3.395360379231537,,1,-1.1948002944421137,2,1,1,6,2,0.1946330222545601,0,0,0.9745,1,
976,24,17,1,2,4,5.5026059271474494,0,1,-0.39693600966151277,0,0,1,4,1,0.23034769302367086,0,0,0.9572,1,
977,31,14,1,1,2,9.090236485773202,0,1,-1.4800274595028322,3,0,1,5,3,0.24274568305039435,0,1,0.917,1,
978,40,17,1,2,3,14.205028706071593,1,0,-0.6680176736777507,2,0,1,7,1,0.2655542490096334,0,0,0.8945,1,
979,1,14,0,7,4,3.7902830324299623,0,1,1.2658368971799754,0,1,2,9,0,,0,0,0.9835,1,
980,7,16,0,2,2,20.0,0,0,-1.5749332405654641,2,0,2,10,2,0.2659343419030196,0,0,0.6875,1,
981,2,15,0,2,3,10.416367934976503,0,1,-0.8351045637535486,2,0,1,1,1,0.23606588908036163,0,0,0.8919,1,
982,29,14,1,5,1,10.904309667895166,2,1,-2.5654547478713585,2,0,1,9,0,0.2610817427527816,0,1,0.7475,1,
983,26,14,0,6,2,4.968962105742385,0,1,0.3800179901401478,0,0,1,11,0,0.2145757372361369,0,0,0.9682,1,
984,25,17,0,10,2,7.394308018013916,0,1,-0.9555410189260469,2,0,1,4,1,0.3193516399569723,0,0,0.816,1,
985,10,17,0,6,2,5.265264376484119,0,1,-1.74184593112514,2,0,1,3,1,0.32,0,1,0.8349,1,
986,36,16,1,3,1,11.09945317801167,0,0,-2.373465271541371,4,0,1,2,0,0.32,1,1,0.6213,0,academic_performance
987,43,14,1,9,1,,2,1,-1.5146995536424068,3,0,1,5,1,0.26761177394432983,0,1,0.8779,1,
988,33,16,1,6,1,3.524904503280709,0,1,-0.630779488810996,2,0,1,10,0,,0,0,0.5662,0,household_pressure
989,47,17,0,6,1,2.9023769755605695,0,1,-1.068715222103019,1,0,1,1,0,0.22712203274979065,0,0,0.9255,1,
990,39,13,0,5,1,2.38642102351037,0,1,-2.508121284464028,3,1,1,4,1,0.32,0,0,0.7947,0,financial_instability
991,4,16,1,8,5,3.152657667202634,2,0,-0.04532303823842745,1,0,1,3,1,0.16786399127386653,0,,0.9771,1,
992,38,16,0,6,1,1.887822801012398,0,1,-1.1205248355477737,1,0,1,2,1,0.304500001700641,0,0,0.9748,1,
993,30,15,1,8,2,4.49601837570138,0,0,0.9308522775340389,1,0,2,8,1,0.21254138462112313,0,0,0.9229,1,
994,28,17,0,3,5,8.217833576563953,2,0,-0.4730630233125468,2,0,1,1,1,,0,0,0.936,1,
995,10,16,1,5,2,1.3860779973560793,1,0,-2.1133552334488646,3,0,1,5,0,0.21413287167651363,0,0,0.7102,0,academic_performance
996,17,14,0,0,4,1.473804776285757,1,1,-1.0427810437991631,3,0,1,1,0,0.2731424095747793,0,0,0.9699,1,
997,17,16,1,5,2,8.53658588824218,0,1,-1.2607210041355974,1,0,1,10,1,0.22268892378483296,0,,0.8104,0,commute_distance
998,6,14,0,5,5,4.55388286831562,2,0,1.236628925509556,0,0,2,12,1,0.23821038370522685,0,,0.9747,1,
999,16,14,0,8,2,6.734248705675758,2,1,-2.144729048936079,3,0,1,5,1,0.32,0,0,0.8156,1,
1000,8,15,1,5,3,9.292660689650118,1,0,-0.41405099446381927,1,0,1,5,0,0.23800871946693458,0,0,0.9449,1,
