student_id,school_id,socioeconomic_status_index,retained,dropout_reason,persona_id,persona,academic_risk_index,barrier_burden_index,economic_instability_index,health_burden_index,support_coverage_score
1,41,1,1,,0,Academic Strugglers,0.5460048436902833,1.3011952541846004,0.5293576595106821,4,1.0
2,9,3,1,,1,Stable Achievers,1.2567283037086994,1.2191985706138317,0.4560701725177139,5,1.5
3,2,2,0,academic_performance,2,Health-Constrained,7.745020245885755,1.8668758989021592,,24,1.0
4,31,4,1,,1,Stable Achievers,5.417554501100323,0.8637622672966808,,7,2.0
5,18,4,1,,1,Stable Achievers,1.2436858099848498,1.476370471072809,,10,
6,22,1,1,,0,Academic Strugglers,2.86642636269406,2.600542153208888,0.4907269046532191,6,
7,4,4,1,,1,Stable Achievers,1.8693270000053759,1.3176455306133112,0.3362832690535441,4,1.5
8,18,1,0,household_pressure,0,Academic Strugglers,2.370669876699825,2.391683601260999,0.5700000000000001,3,1.0
9,31,3,1,,1,Stable Achievers,1.3987202910417837,2.080614757336484,0.38585944998543964,5,1.0
10,17,1,1,,0,Academic Strugglers,3.607561393897286,2.1883617882245137,0.5700000000000001,5,2.0
11,40,1,1,,0,Academic Strugglers,1.3126622257989111,,0.4827949408607472,2,
12,38,5,1,,1,Stable Achievers,1.4158671805379726,1.1020228704447135,,20,1.5
13,34,4,1,,2,Health-Constrained,-0.0627919848728557,1.8221532638423237,0.3367842279486677,60,0.0
14,43,2,1,,0,Academic Strugglers,2.3854097973549697,,0.4828958613882438,2,
15,34,1,1,,0,Academic Strugglers,5.05951477197538,2.3498907941740708,0.5700000000000001,1,0.0
16,9,1,1,,0,Academic Strugglers,5.0553390000283365,1.3507952316684522,,3,2.0
17,41,2,1,,0,Academic Strugglers,4.693100965710487,2.094479357135989,,4,1.0
18,31,2,1,,0,Academic Strugglers,0.252899511569643,2.3,0.4756055819776074,12,1.5
19,5,1,1,,0,Academic Strugglers,3.8028243172530134,2.175915588334518,0.5136552350207779,18,1.0
20,15,2,1,,0,Academic Strugglers,-0.5719732069187167,,0.4369416236149334,9,2.0
21,8,1,1,,0,Academic Strugglers,5.463836592758643,2.2345178077001178,0.5061136366625104,18,1.0
22,46,1,0,financial_instability,2,Health-Constrained,5.4723486753630155,2.2132941900926397,0.5700000000000001,26,1.0
23,35,4,1,,1,Stable Achievers,0.5931625120680203,1.5089297676757587,0.2858496045902048,10,
24,44,3,1,,2,Health-Constrained,6.095486708101479,2.084010480056574,0.37349582875715953,33,1.0
25,14,4,1,,1,Stable Achievers,2.0138914403802364,0.8091272467210296,0.366673548276652,7,2.0
26,30,3,1,,0,Academic Strugglers,3.2176110737948793,1.2975563807126842,0.4475328694506137,4,1.5
27,29,2,1,,2,Health-Constrained,5.301063098144272,1.9470061575949231,0.4742606916797701,22,
28,36,3,1,,0,Academic Strugglers,1.909153688033327,2.3569594758128996,0.4597789489213766,5,2.0
29,6,4,1,,1,Stable Achievers,5.0819204766914075,1.0260865041678402,0.2657994590094773,16,1.5
30,25,5,1,,1,Stable Achievers,-0.6595175605832757,0.7254897887057195,0.2672116995891337,36,2.0
31,31,2,1,,0,Academic Strugglers,1.4389634181429167,1.8189178325522406,0.44592131859881223,1,1.5
32,39,4,1,,1,Stable Achievers,1.6981208242478902,,,8,1.0
33,31,4,1,,1,Stable Achievers,1.4384751094963637,1.7629147890360555,0.3761113380198987,20,2.0
34,22,1,1,,0,Academic Strugglers,6.875063032173783,1.636359785661182,0.5371122701278706,10,0.5
35,22,3,1,,1,Stable Achievers,1.1460990926117358,1.3536361655710247,0.4314751207771552,5,2.5
36,16,2,1,,0,Academic Strugglers,5.191757116149453,2.0382201716026893,0.4688958273525307,3,1.5
37,8,1,1,,0,Academic Strugglers,2.6210632168908004,2.2128859019783644,0.5700000000000001,2,1.0
38,14,2,0,psychosocial,0,Academic Strugglers,2.280027061026026,,0.5119102245060316,7,1.0
39,7,3,1,,0,Academic Strugglers,4.844433122530854,,0.45926766469118224,5,2.0
40,11,1,1,,0,Academic Strugglers,4.41156618102765,2.1472502310932637,0.5170582209820349,5,2.0
41,41,2,1,,0,Academic Strugglers,2.620620912311584,1.886984446179005,0.5115956744104604,9,
42,25,2,1,,0,Academic Strugglers,0.3746924114657636,1.8304311699561975,0.4656733909969173,6,2.0
43,5,1,1,,0,Academic Strugglers,2.1657074091859503,1.962448141580624,,3,
44,21,3,1,,1,Stable Achievers,0.4146543771757521,1.2679925953845328,0.3440581563125157,12,0.5
45,13,1,1,,0,Academic Strugglers,3.4221265737692157,,,16,
46,32,3,1,,2,Health-Constrained,-0.7328331038466732,0.8307280174641953,0.3886517464200643,42,1.0
47,40,4,1,,1,Stable Achievers,2.88512468461955,0.8493986031706218,0.2631712376726236,2,2.0
48,1,5,1,,1,Stable Achievers,1.4611623323403145,1.1932085978006786,0.2356535457965459,3,1.5
49,22,1,1,,2,Health-Constrained,-0.5775980015172171,1.7103229023242557,0.5232523049101427,51,1.5
50,22,1,1,,0,Academic Strugglers,4.744081301150069,1.790913789462228,0.5700000000000001,20,1.5
51,47,2,1,,0,Academic Strugglers,2.613770626206925,2.274765397006101,0.42841428068216403,2,1.0
52,18,2,1,,0,Academic Strugglers,2.3552707388254883,2.0817499078695167,0.5013607620683529,4,2.0
53,8,2,0,commute_distance,0,Academic Strugglers,3.338812788290471,2.0347160567570404,0.44638721552930405,4,0.5
54,10,3,1,,2,Health-Constrained,2.512878071167677,1.3400061804925665,0.3445103914918518,26,1.5
55,23,2,1,,0,Academic Strugglers,8.164816323226237,2.088089081189332,0.4578064427423656,5,1.0
56,28,1,0,household_pressure,0,Academic Strugglers,6.017569482209105,2.0936813601360322,0.492007800603541,1,1.5
57,16,1,1,,0,Academic Strugglers,2.5224745534226343,1.6734969692057042,0.488094941027697,14,2.5
58,21,1,1,,0,Academic Strugglers,3.016192588375775,1.8169262192400861,0.49885531361669677,4,2.5
59,32,4,1,,1,Stable Achievers,-0.5350944618170786,1.2134972546037512,0.3046705119912697,14,1.5
60,15,1,0,household_pressure,0,Academic Strugglers,2.3852799038951087,1.8755327454381934,0.5595083013062856,22,2.0
61,46,1,0,commute_distance,0,Academic Strugglers,5.520608403003418,2.948103139529602,,14,1.0
62,10,3,1,,1,Stable Achievers,2.7211902273352884,,,5,2.0
63,44,1,1,,0,Academic Strugglers,4.2540892082606305,,0.47506842426824203,10,
64,42,3,1,,2,Health-Constrained,3.4850184813388543,1.777664597074541,0.4205331742438183,34,2.0
65,45,1,1,,0,Academic Strugglers,3.7278859876438952,2.274540786169531,0.5074139211074309,1,1.0
66,38,3,1,,0,Academic Strugglers,1.0867143290737138,2.136358393368047,0.4288369793829953,7,
67,25,2,1,,0,Academic Strugglers,5.087396483832528,,0.41949697650848894,3,1.0
68,29,1,1,,2,Health-Constrained,2.656869898643653,2.0322808265766845,0.5700000000000001,26,0.0
69,10,3,1,,1,Stable Achievers,2.490925742274879,1.7500883752590597,0.3896219594821253,6,2.0
70,17,1,1,,0,Academic Strugglers,2.860373933380793,2.0647497570312927,0.5700000000000001,6,2.0
71,22,4,1,,1,Stable Achievers,1.0245950736831957,0.6723295360217716,0.2963412234897168,3,2.0
72,45,5,1,,1,Stable Achievers,0.2850854369214012,,0.258358821200431,8,1.0
73,38,1,1,,0,Academic Strugglers,1.327586613718381,,,5,1.5
74,27,2,1,,0,Academic Strugglers,2.8520155105181777,2.0914246641207495,0.52,1,0.0
75,28,3,1,,2,Health-Constrained,2.2590541045273027,1.3567386736602196,0.4281389818351872,24,
76,21,2,1,,0,Academic Strugglers,3.0237298866474998,0.9238004573325301,0.52,5,2.0
77,20,3,1,,1,Stable Achievers,0.9272192467069789,1.8120433367572715,0.4043725425295701,20,2.0
78,43,1,1,,0,Academic Strugglers,3.9920907586495624,1.715808237678396,0.4773064449700316,4,1.5
79,1,2,1,,2,Health-Constrained,-0.0708016990009897,0.9471061435299684,0.52,26,2.0
80,16,2,1,,0,Academic Strugglers,2.255434788880425,,0.4469867251461696,3,
81,20,3,1,,1,Stable Achievers,1.4919240224126167,1.3384742217906451,0.4345097094017986,6,2.0
82,33,3,0,other,1,Stable Achievers,3.8206101583477925,0.7752209668066958,0.38146240054316594,2,2.0
83,20,3,0,health_related,2,Health-Constrained,2.206362871526638,1.977841395341608,0.43048486217889803,51,0.0
84,15,4,1,,1,Stable Achievers,-1.0206241351666,0.7558682889005595,0.28362906687221734,4,3.0
85,4,5,1,,1,Stable Achievers,0.919853013332674,1.3171145360410224,0.21898842389704398,11,1.0
86,13,1,1,,0,Academic Strugglers,1.8556705301600962,2.897089382132563,0.5421120777742234,5,1.0
87,5,3,1,,0,Academic Strugglers,3.7215934812327713,,0.37218660542217563,3,
88,33,2,0,commute_distance,0,Academic Strugglers,2.7981123707607116,1.9639092299869045,0.4866426667885184,4,2.5
89,21,2,1,,0,Academic Strugglers,0.924204087681002,2.077816028620321,0.44115392776081863,2,
90,11,4,1,,1,Stable Achievers,1.6928002374771758,,0.3473716188147188,3,1.5
91,26,3,1,,1,Stable Achievers,0.971682626647638,1.9651407929714684,0.3720707236414412,16,1.0
92,24,2,1,,1,Stable Achievers,-0.918332210496108,,0.5046196841935331,2,1.5
93,23,1,0,psychosocial,0,Academic Strugglers,4.116163692262408,,0.5143838724694769,6,1.0
94,28,4,1,,1,Stable Achievers,1.1579828438898572,1.7286830612434878,0.347812663311235,5,0.5
95,30,4,1,,2,Health-Constrained,4.433847718758897,1.2908847527366212,0.3607863788208989,48,2.5
96,9,3,1,,0,Academic Strugglers,1.8229847765295135,2.048910998585488,0.4258464604927576,4,0.0
97,8,4,1,,1,Stable Achievers,2.2111520509734346,1.1778101304663529,0.3515008823988758,6,0.5
98,35,1,1,,0,Academic Strugglers,0.3540036153077204,1.6343304685799829,0.5498138611227403,13,1.5
99,46,2,1,,2,Health-Constrained,-1.177197406164915,1.4688160125146146,0.5065009434614137,30,1.5
100,26,2,1,,0,Academic Strugglers,5.438390590904744,,0.5181873480302805,8,
101,22,4,1,,1,Stable Achievers,3.2153514861966235,0.7568270173966204,0.2876695309498065,4,2.0
102,30,1,0,psychosocial,0,Academic Strugglers,4.139030773363665,2.325269241171947,0.5094492272129236,4,1.0
103,2,1,1,,0,Academic Strugglers,5.48958740571502,1.9658201072064616,0.5329815317374649,18,2.5
104,18,5,1,,1,Stable Achievers,1.7178898949751051,,0.2575868240807028,2,
105,17,1,1,,0,Academic Strugglers,3.396630795874409,,0.5700000000000001,2,
106,20,4,1,,1,Stable Achievers,1.3921781869854661,1.514710609631563,0.36967689561286243,1,2.0
107,35,2,0,health_related,2,Health-Constrained,3.085180025888312,2.8,0.4978070061343227,51,1.0
108,24,4,1,,1,Stable Achievers,2.723920414068115,1.816912506662601,0.36486223359949843,12,
109,41,1,0,household_pressure,0,Academic Strugglers,2.8978320399786304,2.8790473643363974,0.5576805369392227,7,0.0
110,23,4,0,household_pressure,1,Stable Achievers,-0.1693447525179541,1.5721965218602447,0.3350380690945966,5,2.0
111,2,5,1,,1,Stable Achievers,1.803312011141643,,0.2779478648431804,6,
112,32,3,1,,1,Stable Achievers,0.7119284504516147,1.232888268595643,0.40221576091621764,5,1.5
113,38,2,1,,0,Academic Strugglers,0.7641511472752188,2.268409021011807,0.464988820901211,3,
114,28,5,1,,1,Stable Achievers,-0.1159565404627592,0.6245747776535577,0.2691419262869825,7,2.0
115,45,4,1,,1,Stable Achievers,-0.2050097226151754,0.4616559478980557,0.31441508836694243,14,3.0
116,20,3,1,,0,Academic Strugglers,4.875015337468919,1.2579336978170672,0.4479113994600683,2,1.5
117,38,2,1,,0,Academic Strugglers,3.581998210201842,1.7938578091529274,0.4395777141176982,7,1.5
118,1,4,1,,1,Stable Achievers,2.718790332144941,0.4416687552299593,0.3462948472306781,4,2.0
119,2,5,1,,1,Stable Achievers,0.9107748330185717,0.9049947930613544,0.2968625361586623,5,3.0
120,38,3,1,,0,Academic Strugglers,5.962478035161706,1.9118331588653223,0.4277845815778014,12,0.0
121,42,2,1,,0,Academic Strugglers,0.6466797167871678,,0.5096837323475908,3,
122,25,5,1,,1,Stable Achievers,3.8992933231793963,0.38969217106781473,0.2290552425670485,6,
123,36,1,1,,0,Academic Strugglers,6.2702208139806705,2.3172116252428676,,6,1.0
124,16,2,1,,0,Academic Strugglers,3.4219067028742125,,0.4961349233428386,4,
125,35,5,1,,1,Stable Achievers,1.7329168493848384,,0.277673007398683,7,1.0
126,24,3,1,,1,Stable Achievers,1.6209716881952736,1.9364795659037033,0.3706292644896033,18,2.0
127,15,1,1,,0,Academic Strugglers,2.896544767394454,2.7851564448181536,0.5172759840737946,4,0.0
128,5,3,1,,0,Academic Strugglers,1.534497612053585,1.9793456564028653,0.44798860296270543,4,2.0
129,9,5,1,,1,Stable Achievers,1.862946900974103,1.3020985283535236,0.2492855273381115,5,2.0
130,43,5,1,,1,Stable Achievers,1.4316747928322453,1.6270117633342633,0.2374629573935677,3,1.0
131,21,2,1,,0,Academic Strugglers,3.688306115694682,1.6263281128232974,,4,1.5
132,47,1,1,,0,Academic Strugglers,0.6476547607639263,,0.5693073508115051,3,
133,17,2,1,,0,Academic Strugglers,3.082549324651126,2.358065292956285,0.491443963309884,14,1.0
134,3,1,1,,0,Academic Strugglers,4.975098555403774,,0.5700000000000001,6,0.5
135,13,1,1,,0,Academic Strugglers,5.976873104437307,1.115929366896121,0.4836988776487797,3,2.0
136,17,2,1,,2,Health-Constrained,6.543033481420241,,0.44023430959248677,22,2.0
137,33,4,1,,1,Stable Achievers,2.9902404708407397,1.031852647798845,0.3216343391684179,5,1.5
138,35,3,1,,0,Academic Strugglers,1.6826044227590264,1.900825847541662,,8,1.0
139,35,1,1,,0,Academic Strugglers,0.8396993876896526,2.7766410509679513,0.5700000000000001,3,1.0
140,15,4,1,,1,Stable Achievers,1.820108739910594,1.4953400204331442,0.3684596199629737,5,1.5
141,18,2,1,,0,Academic Strugglers,3.1424396066342273,2.319451756761609,0.4713339547000676,8,2.0
142,27,1,1,,0,Academic Strugglers,6.721261214934781,1.823312534504515,0.5700000000000001,8,1.5
143,29,3,0,household_pressure,1,Stable Achievers,0.8441878677866678,1.2962224100454809,0.4250089567396773,6,2.5
144,20,1,1,,0,Academic Strugglers,1.1465515246768887,2.5263216034253078,0.5700000000000001,5,1.0
145,9,1,1,,0,Academic Strugglers,4.680235514848711,2.1871969977995973,0.5196041572805237,5,1.0
146,37,4,1,,1,Stable Achievers,0.2580051546647294,0.9160023475901771,0.3145432861493549,7,
147,25,2,1,,0,Academic Strugglers,4.713181756529422,2.1174814262917305,0.4734365512859625,5,2.0
148,46,3,1,,0,Academic Strugglers,3.024929650871804,1.9472120857168362,0.388991639627879,6,0.0
149,45,2,0,financial_instability,0,Academic Strugglers,3.0133277150670446,,0.5191571096015616,6,1.0
150,42,5,1,,1,Stable Achievers,1.8744680518106347,0.2684162882236141,0.21628784658257122,22,1.0
151,46,1,0,academic_performance,0,Academic Strugglers,11.0,1.145097124794336,0.5085016069969182,3,2.0
152,30,5,0,psychosocial,1,Stable Achievers,-1.054176267224661,0.8086074439233362,0.2332599204564797,9,2.0
153,15,3,1,,0,Academic Strugglers,2.6561598811192466,,0.4547422026678915,6,2.0
154,8,5,1,,1,Stable Achievers,1.0827291160384003,1.2766405409131754,0.2861035222578485,28,1.0
155,5,1,1,,2,Health-Constrained,6.966389023545341,2.805263334545828,0.5700000000000001,45,2.0
156,45,2,1,,0,Academic Strugglers,6.885778240344793,2.268354811802656,0.5141329880483606,1,1.0
157,13,1,1,,2,Health-Constrained,6.557008743884801,1.117529972258563,0.5394068221645292,84,2.0
158,2,5,1,,1,Stable Achievers,-0.0396913990088052,1.2,0.2782522936732174,18,2.0
159,2,2,1,,0,Academic Strugglers,5.245410360053499,1.4526642501398679,0.4940991363780804,4,1.5
160,14,1,1,,0,Academic Strugglers,3.839592076004556,1.8002015764701953,0.514635791548602,3,1.5
161,47,3,1,,1,Stable Achievers,2.0523434350218883,0.932427984107822,0.39422302984766133,6,2.0
162,14,4,1,,1,Stable Achievers,2.770959959284942,0.625176994902428,0.36081656332802237,4,1.0
163,5,3,1,,0,Academic Strugglers,4.640441649054015,2.038382499482914,,0,1.5
164,32,1,0,health_related,2,Health-Constrained,3.148405630490456,1.6413930134120855,0.5557178122972142,36,1.5
165,3,2,1,,2,Health-Constrained,3.6201313294896886,2.0044686460701464,0.52,22,
166,23,3,1,,0,Academic Strugglers,7.020228756917458,2.001915100017824,0.4038364568757246,6,2.0
167,5,2,1,,0,Academic Strugglers,6.371529156788024,2.262010918082619,0.4058502691577228,2,
168,5,1,1,,2,Health-Constrained,3.338378919367864,1.7274259923425652,0.4864117486078574,22,
169,17,2,1,,0,Academic Strugglers,5.722267664777293,1.933625598994146,0.4885832196276436,4,1.0
170,1,2,1,,0,Academic Strugglers,4.635655442836604,1.7014008617487275,0.52,6,2.5
171,40,1,1,,0,Academic Strugglers,-0.3036862211809104,1.8471664620733474,0.5700000000000001,6,0.5
172,29,3,0,health_related,2,Health-Constrained,4.840346842807896,1.9946678901750867,0.42811424320683844,26,2.0
173,44,4,1,,1,Stable Achievers,2.111730462874937,1.8493164411964522,,5,2.0
174,24,1,1,,2,Health-Constrained,3.174373801984406,,0.4743437955784152,42,
175,27,4,1,,1,Stable Achievers,2.4225722000380694,1.3278888496712629,0.34896907823202994,2,0.5
176,29,2,1,,0,Academic Strugglers,6.506031968698487,1.940896512787837,0.52,5,0.0
177,22,2,1,,0,Academic Strugglers,2.151330823953436,1.9965345473314755,0.5167512030597277,6,1.0
178,27,3,0,commute_distance,1,Stable Achievers,2.1605234125085206,,0.37152343628194523,5,
179,27,1,1,,0,Academic Strugglers,3.49682237527533,1.3818998529119715,0.5369209684755418,3,2.0
180,42,2,1,,0,Academic Strugglers,6.948458879682184,2.014529785859681,0.5017347890229122,9,2.0
181,15,4,1,,1,Stable Achievers,2.02314006986078,1.3441871648878119,0.3394409802359351,5,1.5
182,44,2,1,,0,Academic Strugglers,4.88245237967622,2.2400176788552324,0.4813723705418124,10,2.0
183,9,5,1,,1,Stable Achievers,1.5370431017618416,1.6957601662024606,0.2298959538123878,3,2.0
184,9,2,1,,0,Academic Strugglers,0.806016025206017,2.21255353419639,0.4091275575946006,2,1.0
185,12,1,1,,0,Academic Strugglers,3.9917618256974787,2.779914220622814,0.503350324936404,9,0.0
186,45,3,1,,1,Stable Achievers,-0.1590567418109258,0.9197825629729428,0.4218033017257295,9,2.0
187,12,4,1,,1,Stable Achievers,0.9209506181807,1.7029504043522738,,6,1.0
188,38,4,1,,0,Academic Strugglers,2.9170268543015307,1.5367335077231576,0.37066195112427924,5,0.5
189,28,1,1,,0,Academic Strugglers,1.0900866257619963,,0.5131935875373673,5,1.0
190,31,1,0,academic_performance,0,Academic Strugglers,8.035286023215678,,0.5061381049705644,3,1.0
191,4,2,1,,2,Health-Constrained,0.9502976503379144,1.5208454573544854,,60,1.5
192,32,2,1,,0,Academic Strugglers,2.88071777006308,1.8301904975684964,0.408581812166276,5,1.0
193,4,1,0,academic_performance,0,Academic Strugglers,7.220562005623091,2.591882718445273,0.5335752330593255,7,1.0
194,26,1,1,,0,Academic Strugglers,1.165043773112135,2.0940839705288496,0.519652899811019,3,1.0
195,37,4,1,,1,Stable Achievers,4.3710760081604025,,0.29336446542446837,6,
196,44,2,1,,0,Academic Strugglers,3.945479731104802,,0.52,6,1.5
197,47,5,1,,1,Stable Achievers,2.747590532445707,,0.20642506776867098,18,1.5
198,11,3,1,,0,Academic Strugglers,4.127117325130115,1.4776333649155533,0.4348924782158544,6,0.5
199,37,1,1,,0,Academic Strugglers,0.9360945558031811,1.6368417856304163,0.4726528172093418,6,2.0
200,29,3,1,,0,Academic Strugglers,4.451150645582901,1.5345022427605177,0.35431971132489215,4,0.5
201,35,1,1,,0,Academic Strugglers,5.1276343975322884,1.8231525183178368,,8,1.5
202,39,2,1,,1,Stable Achievers,1.461369851677387,1.9517865025636782,0.40503408864628043,3,1.0
203,23,2,1,,0,Academic Strugglers,-0.6878343327521217,2.443805575935313,0.4318205178763982,3,2.0
204,7,1,1,,0,Academic Strugglers,2.5457282957065255,2.1612709681738007,0.485020569927539,4,1.0
205,38,5,1,,1,Stable Achievers,0.8444883879510698,0.2959164953301105,0.23381816393237148,24,2.0
206,29,2,1,,0,Academic Strugglers,2.3062292261250477,1.6355292686079936,0.5032083624679842,1,2.0
207,7,3,0,psychosocial,0,Academic Strugglers,3.271697542979189,1.8645141779235095,0.3704377417737974,3,1.0
208,19,2,1,,0,Academic Strugglers,1.3781816179897888,1.7470949133107645,0.4893262882276798,5,1.5
209,7,3,1,,0,Academic Strugglers,6.327852667742251,1.2972148314218517,0.35136235868434723,3,1.5
210,37,4,1,,1,Stable Achievers,3.007107811699596,,0.281153270909252,3,
211,16,1,0,household_pressure,0,Academic Strugglers,4.539148546167515,1.3662344487436717,,4,1.0
212,4,2,1,,2,Health-Constrained,4.573152803322332,1.1467963213368324,0.4899084508625906,42,3.0
213,14,3,1,,1,Stable Achievers,-0.2716169435016497,2.0218872341645,0.3579751685321229,6,1.0
214,29,1,1,,0,Academic Strugglers,1.2667670016435209,2.3976463694733665,0.5055654055262092,4,1.0
215,28,3,0,health_related,2,Health-Constrained,4.239650084248726,1.254913022751576,0.4322331556400118,24,1.5
216,41,5,1,,1,Stable Achievers,-0.2833109636033925,0.38853098400884073,,2,
217,17,4,1,,2,Health-Constrained,4.770969957839354,1.076016568820886,0.35748735351555005,63,1.5
218,30,3,0,academic_performance,0,Academic Strugglers,4.487506676928063,1.7288927511570846,0.4504547528324248,5,2.0
219,45,1,0,commute_distance,0,Academic Strugglers,2.942670836471248,3.0,0.5700000000000001,7,1.0
220,16,1,1,,0,Academic Strugglers,4.603762672690518,1.5643572084815793,0.5700000000000001,4,2.0
221,2,4,1,,1,Stable Achievers,0.8053546547386864,0.48630526029281457,0.2698755957218786,3,3.0
222,31,4,1,,1,Stable Achievers,0.1695925506701994,,0.3019379955048198,6,3.0
223,29,4,1,,1,Stable Achievers,8.264427819476085,0.9295877950669253,0.34131849523752,7,
224,16,2,1,,2,Health-Constrained,-0.0198604841005936,2.1077523237327993,0.4216322543365269,30,1.0
225,27,1,1,,0,Academic Strugglers,7.364920083982444,2.413052873862644,0.5345780036650357,18,1.0
226,32,3,1,,0,Academic Strugglers,3.021389230757701,1.7167042301627213,,3,2.0
227,39,3,1,,2,Health-Constrained,2.0615510833064716,1.4681301334704422,0.3908951491066777,26,2.5
228,7,1,1,,0,Academic Strugglers,7.191717664108494,2.1561425956171023,0.5394244504761527,6,1.0
229,23,2,0,academic_performance,0,Academic Strugglers,5.239182689886177,2.5844446941912924,0.4125308486536006,2,1.0
230,14,3,1,,0,Academic Strugglers,2.1778236035303844,1.8304963460757526,0.4061067001065464,6,1.0
231,16,1,0,academic_performance,0,Academic Strugglers,10.0,,0.5700000000000001,18,
232,2,2,0,commute_distance,0,Academic Strugglers,1.5510792678346281,2.4681287862405608,0.4321830475353842,6,1.0
233,20,1,1,,0,Academic Strugglers,4.388966273096104,2.3245657909211523,0.4756669384038271,5,
234,4,4,1,,1,Stable Achievers,1.657332558730662,1.151865838409139,0.2745681921683515,3,1.5
235,44,2,1,,0,Academic Strugglers,2.045190582837551,2.0857890886012136,0.4573895325135993,1,1.0
236,27,3,1,,1,Stable Achievers,1.7872043212101403,0.8980393080330504,,8,1.0
237,20,2,1,,0,Academic Strugglers,5.810217880115135,1.625147273438055,0.4724168402802099,7,2.5
238,11,2,1,,2,Health-Constrained,3.881551805227269,2.522740122208197,0.42733599135384703,24,1.0
239,45,1,1,,0,Academic Strugglers,2.433754712679944,2.0546843835939548,0.5683632538135591,4,1.0
240,25,2,1,,0,Academic Strugglers,2.952726493720868,1.6617186512662343,0.4858637860444268,6,
241,47,5,1,,1,Stable Achievers,0.1361155934159805,1.2833291034612646,0.2490096443920804,10,1.0
242,31,4,1,,1,Stable Achievers,2.8702620266310532,1.9459604606571692,0.31812861776861223,4,2.0
243,47,3,0,health_related,2,Health-Constrained,6.95837159741043,,0.44008154241994973,42,1.0
244,42,4,1,,1,Stable Achievers,0.7500986779186556,1.5945776926722504,0.3260504608437734,6,2.0
245,35,1,0,financial_instability,0,Academic Strugglers,4.366683786649961,2.7950171019480745,0.5315331082230327,7,0.0
246,17,4,1,,1,Stable Achievers,-0.007412667286341046,1.4940503812299935,0.3084559132941409,8,
247,37,4,1,,1,Stable Achievers,-0.3085603142178452,1.1141363245635314,0.3349341385537054,12,2.5
248,15,3,1,,1,Stable Achievers,3.3248655751562355,1.2013461285740514,0.3974217064723347,7,
249,41,5,1,,2,Health-Constrained,0.7084484299527338,0.768616996202226,0.2885877436231708,48,0.5
250,15,1,1,,2,Health-Constrained,2.218479582830597,,,54,2.0
251,4,1,1,,0,Academic Strugglers,3.467341448989115,1.429461300924136,0.5444407871746368,4,
252,6,5,1,,1,Stable Achievers,-0.0841230195703378,0.7605072841217724,0.2683445115994258,4,1.5
253,22,2,1,,0,Academic Strugglers,2.830920558191073,2.54198315982845,,4,1.0
254,32,5,1,,1,Stable Achievers,-0.7645506838622285,1.3272694864501429,0.2820519551341629,4,
255,14,2,1,,0,Academic Strugglers,1.4358052276678233,1.874532154743533,0.52,4,2.5
256,39,2,1,,2,Health-Constrained,3.728371660331221,0.9675276728521548,0.52,39,3.0
257,13,4,1,,2,Health-Constrained,4.589257074201916,0.964758173810643,0.33146047894677744,57,1.5
258,23,2,1,,0,Academic Strugglers,3.2326711897450915,,0.4160707866153816,5,
259,16,1,1,,0,Academic Strugglers,4.986700641197165,2.156502830121007,0.5151144279191409,5,1.0
260,27,2,1,,0,Academic Strugglers,2.2635771905062647,2.2475815483355355,0.434631496035903,18,1.0
261,9,1,1,,0,Academic Strugglers,0.0046818801946365,2.6371826244599346,0.5179092899307093,5,1.0
262,46,5,0,psychosocial,1,Stable Achievers,0.9537406049263696,1.3597394032829917,0.262175957709205,4,0.0
263,44,4,1,,1,Stable Achievers,4.78639062220531,1.464582765996818,0.30839596063759867,20,0.0
264,33,1,0,financial_instability,0,Academic Strugglers,5.076790426441042,1.7083532938551558,0.5700000000000001,7,0.5
265,25,2,1,,1,Stable Achievers,1.0917397691721653,1.515924476392558,0.4180740584979316,4,1.5
266,36,4,1,,1,Stable Achievers,3.3798644309479418,0.6531612158669732,0.34620682222037225,4,2.0
267,23,1,1,,0,Academic Strugglers,7.089079685157004,2.205535924343895,0.47801642734939276,2,0.0
268,42,1,1,,0,Academic Strugglers,3.117962302643763,,0.4822243048912897,4,
269,4,1,1,,0,Academic Strugglers,6.702366210017469,2.182106103401039,0.49490802436497283,2,1.0
270,11,5,1,,1,Stable Achievers,-0.3301415389822553,0.9212753312363069,0.2051045411396934,4,1.5
271,22,2,1,,2,Health-Constrained,7.809635493806322,2.363730167463541,0.52,33,
272,31,1,1,,0,Academic Strugglers,5.520001528150594,2.091040888964832,0.5564826602028211,2,1.0
273,34,1,0,health_related,2,Health-Constrained,2.807137296746439,2.7496087893287946,0.5700000000000001,45,1.0
274,34,1,1,,0,Academic Strugglers,6.927135319713077,,0.5700000000000001,5,1.0
275,45,3,1,,2,Health-Constrained,3.0216045200276067,0.9755718983071127,,22,1.0
276,40,1,1,,0,Academic Strugglers,2.9559154849236737,,0.5700000000000001,5,0.5
277,44,3,1,,1,Stable Achievers,0.3426035180483858,1.7154101433260855,0.3725219738609573,5,1.0
278,17,5,1,,1,Stable Achievers,3.479047424956474,1.0942104347312986,0.21782005484535588,8,1.5
279,33,3,1,,0,Academic Strugglers,4.60277551966166,1.4615649297941582,0.4079128011164867,3,0.5
280,33,1,0,commute_distance,0,Academic Strugglers,5.379545546492607,3.0,0.4812588832174153,8,2.0
281,29,1,1,,0,Academic Strugglers,6.059870652981564,,0.5077220257969981,4,1.0
282,29,2,0,financial_instability,0,Academic Strugglers,4.45863227869013,2.002511539950364,0.52,20,1.0
283,25,2,1,,0,Academic Strugglers,3.753764816356247,2.0128158054712344,0.4872338846355526,6,2.0
284,20,1,1,,0,Academic Strugglers,3.899549629762994,2.7952404160023008,0.4948636160968412,16,1.0
285,7,1,0,financial_instability,0,Academic Strugglers,2.358068217953115,2.5440717613621144,0.5700000000000001,20,0.0
286,5,4,1,,2,Health-Constrained,-0.1250648293961884,1.0547281923049079,0.2648870839328409,54,1.5
287,1,3,1,,0,Academic Strugglers,3.330391604515907,1.4458239385990193,0.3962800571123735,7,0.5
288,17,4,1,,1,Stable Achievers,1.2024832698096988,1.6972220562969946,0.3382393750034816,8,1.0
289,18,2,1,,0,Academic Strugglers,2.8570541378639667,1.4863196416443958,0.5158053886043178,3,0.5
290,46,1,1,,0,Academic Strugglers,3.51896933950142,2.324447267961161,0.5700000000000001,3,2.0
291,12,3,1,,0,Academic Strugglers,1.2633879208558212,,0.38603851903579633,6,1.5
292,11,2,1,,0,Academic Strugglers,2.7965382231265705,,0.4103045413749399,7,2.0
293,3,2,1,,1,Stable Achievers,-0.7226480175991372,,0.415581903806202,9,1.5
294,6,4,1,,1,Stable Achievers,0.03194397602948762,0.5422499749984466,0.2673072363843167,36,2.0
295,31,5,1,,1,Stable Achievers,0.2172445116659948,0.8395341076693501,,5,0.5
296,18,4,1,,1,Stable Achievers,3.1689030172423718,1.4256791596337561,0.3220512727925529,3,0.0
297,30,4,1,,1,Stable Achievers,-0.6095546036790722,0.9904873750257915,0.37888334126209855,5,3.0
298,5,3,1,,0,Academic Strugglers,2.8608699475574286,,0.35994981082513156,5,
299,36,2,0,financial_instability,0,Academic Strugglers,2.8882197948804254,1.7139671930510167,,14,1.5
300,13,4,1,,1,Stable Achievers,0.5770532208085629,1.5731223274909771,,3,2.0
301,3,4,1,,1,Stable Achievers,1.5870289022282709,1.5218596735737724,0.2866844036108574,20,2.0
302,43,1,1,,0,Academic Strugglers,1.2897769184949848,,0.5497814855957504,9,0.5
303,17,5,1,,1,Stable Achievers,1.431625263949302,0.29657089316992813,0.1989022131557262,11,1.0
304,15,5,1,,1,Stable Achievers,2.5172373644285893,1.2925081068182473,0.2950208830702296,6,0.0
305,3,2,0,household_pressure,0,Academic Strugglers,2.759929613167269,,0.52,5,
306,28,2,1,,0,Academic Strugglers,2.9874642222095362,2.183207949045652,0.4257329486548142,3,1.0
307,14,2,1,,0,Academic Strugglers,3.5708833337398884,2.064447944772378,0.4216571368114208,8,1.0
308,12,3,1,,0,Academic Strugglers,3.7304907555121294,1.2129276957965172,0.40282573919717585,4,1.5
309,32,2,1,,0,Academic Strugglers,4.366561122112987,2.011202711285208,0.4031899176138966,3,2.0
310,32,1,1,,0,Academic Strugglers,0.6789825394585658,3.0,0.5092496030585894,9,1.0
311,7,5,1,,1,Stable Achievers,1.6805367553635362,0.7941328840726467,0.2315873855851534,6,1.5
312,6,3,1,,1,Stable Achievers,-1.3100811481185977,2.5187069557546846,0.3806473684113373,10,1.0
313,12,5,1,,1,Stable Achievers,3.494379782111143,1.1520097871686816,0.2531849444254226,2,1.5
314,38,3,1,,1,Stable Achievers,0.4986870477276093,1.5478054586455874,0.3876476428238788,4,1.5
315,13,2,1,,0,Academic Strugglers,1.7675719504218481,,0.5196763141726504,16,
316,20,4,1,,1,Stable Achievers,3.7844107586884026,0.5150982239760404,0.30820074519018437,5,2.0
317,7,1,1,,0,Academic Strugglers,1.8164953064564568,,,7,1.0
318,9,5,1,,1,Stable Achievers,-2.908063643901753,0.9259027822360317,0.288408150921948,8,2.5
319,32,2,1,,2,Health-Constrained,-0.3132283846868252,2.087855055630409,0.4765726306333032,18,1.0
320,36,2,1,,0,Academic Strugglers,1.8113796324707918,1.937928308113147,0.4391224245320429,6,
321,41,3,1,,2,Health-Constrained,3.833386648747517,1.5786176470795537,0.37550604910354773,20,
322,27,2,1,,2,Health-Constrained,5.700389778893818,,0.40537835917550025,22,1.5
323,14,2,1,,0,Academic Strugglers,0.0856698768834035,2.0006647783710645,0.4370900360485346,9,2.0
324,21,2,1,,0,Academic Strugglers,-0.8181839798762591,1.8919125207181144,,6,1.0
325,8,1,0,health_related,2,Health-Constrained,1.9160503241700857,2.0980669272166557,0.5700000000000001,60,0.0
326,12,3,1,,0,Academic Strugglers,5.383917591185163,1.7546220381423536,0.3440034518861057,5,0.0
327,23,3,1,,1,Stable Achievers,1.2951615971771582,1.796185895328199,0.3695468904784974,7,0.0
328,37,2,1,,0,Academic Strugglers,3.133617689561631,2.2864924466123586,0.4321581730510779,4,1.0
329,13,2,1,,0,Academic Strugglers,1.2326547379891264,2.0263632297107237,0.52,1,1.0
330,18,1,1,,0,Academic Strugglers,7.828931288737671,2.1513733056267466,0.4973152737883379,20,2.0
331,2,2,1,,0,Academic Strugglers,-0.9406945988358346,1.931857161442993,0.4909717216406393,2,1.0
332,3,4,1,,1,Stable Achievers,3.726789953975453,,0.32048246039489137,5,1.0
333,26,2,1,,0,Academic Strugglers,-0.9166082581613556,1.9296630285495016,0.4352776668739512,7,1.0
334,46,1,1,,2,Health-Constrained,7.532064699462202,2.1142318734236634,0.5700000000000001,33,1.0
335,28,1,1,,0,Academic Strugglers,0.9047185983032178,,0.47125824619238477,2,
336,2,2,1,,0,Academic Strugglers,3.1095045946540836,1.505920322642715,0.5165608028296163,3,1.5
337,27,2,0,financial_instability,0,Academic Strugglers,-1.0852075485562174,1.8753475676331814,0.4831482116860084,0,1.0
338,6,2,1,,0,Academic Strugglers,7.231515374989826,,0.469272865419951,6,1.0
339,33,3,1,,2,Health-Constrained,1.083463133963912,1.4681279339723137,0.3647599526210941,20,1.5
340,22,2,1,,0,Academic Strugglers,3.2249556278625606,1.5149531761707165,0.52,18,2.0
341,18,2,1,,0,Academic Strugglers,0.1694625831762686,1.9967060961267697,0.4330239140411321,3,2.0
342,10,2,0,health_related,2,Health-Constrained,3.903104521348725,2.48262972647645,0.4707613357466963,34,2.0
343,9,3,1,,0,Academic Strugglers,2.2138162620371165,1.3453554928053295,0.39360101036016304,4,1.5
344,16,1,0,academic_performance,0,Academic Strugglers,6.53017963718084,2.5049550406747123,0.5363933554246199,6,1.0
345,22,3,1,,2,Health-Constrained,1.7626515028260994,1.1672164501319529,0.4577495063351548,22,
346,27,4,1,,1,Stable Achievers,-0.8093459755934364,0.5486545665246971,,5,2.0
347,33,2,0,other,0,Academic Strugglers,8.281804214483099,1.6763862808071877,0.4416410573423786,5,1.5
348,46,1,1,,0,Academic Strugglers,3.0509975390281427,2.390081095772877,0.5483259150766497,7,1.0
349,2,3,1,,0,Academic Strugglers,1.5493145500517334,1.9907109509779035,0.3791754183682311,2,1.0
350,45,3,1,,0,Academic Strugglers,1.479867014719403,2.4316278793784285,0.41566341256129513,12,1.0
351,27,4,1,,1,Stable Achievers,-1.0035412714039165,1.2613380872991764,0.3551056693533,4,2.5
352,4,1,1,,2,Health-Constrained,0.9876697534764024,2.4184574841850113,0.5700000000000001,60,1.0
353,41,3,1,,0,Academic Strugglers,5.58350835040814,1.5771097848720195,0.4316286096172968,6,0.5
354,41,2,1,,0,Academic Strugglers,1.9134980744783041,2.3475952488110923,0.4009689411579769,7,
355,14,1,1,,2,Health-Constrained,2.0514924871175086,2.2026398445950024,0.5135174467596815,30,
356,8,3,1,,1,Stable Achievers,-0.4261593126342953,1.0659110545578474,,4,1.0
357,15,3,1,,1,Stable Achievers,-0.2379228346149394,1.7067817168385728,0.34506506830484973,20,1.0
358,39,4,1,,1,Stable Achievers,1.9022235566260677,0.9156818956836223,0.2791058097159868,5,2.5
359,44,2,1,,0,Academic Strugglers,0.639149639030323,2.2848957905309133,0.4100724676305969,8,1.0
360,14,2,1,,2,Health-Constrained,2.8476909571552307,1.1969470354388037,0.52,30,2.0
361,23,2,1,,2,Health-Constrained,9.295196796730599,1.4662506162426696,0.52,24,1.5
362,34,2,1,,0,Academic Strugglers,-0.6938867490539719,2.310918372834802,0.52,4,0.0
363,9,2,1,,0,Academic Strugglers,-0.2534916449711604,,0.5134490692556131,5,1.0
364,34,1,1,,0,Academic Strugglers,3.3504572470303216,2.782860966663536,0.4894031484610585,5,1.0
365,11,5,1,,1,Stable Achievers,-0.3321211461143118,0.4219457181532227,0.2479124046028725,7,2.0
366,40,4,1,,2,Health-Constrained,7.2232658511580645,,0.29014481735765474,42,2.0
367,7,4,1,,1,Stable Achievers,-0.8419265242473831,1.1363534079604367,0.3745603536047033,5,1.5
368,47,2,1,,0,Academic Strugglers,0.2280014834230106,2.236282479892071,0.4501398775814475,5,0.5
369,34,2,1,,2,Health-Constrained,-0.6032781287953402,1.4078909031701785,0.4471785798242112,36,2.5
370,13,4,1,,1,Stable Achievers,0.5930182508172173,1.7187341338850914,0.2607197550781896,5,1.0
371,38,5,1,,1,Stable Achievers,0.5879289233384183,1.260399811524413,0.20893980348346142,6,1.0
372,30,4,1,,1,Stable Achievers,1.162860091231825,0.6952556058857571,0.37793021685152495,8,3.0
373,23,1,0,health_related,2,Health-Constrained,6.31924052258568,,0.5029855110683402,54,
374,35,4,1,,1,Stable Achievers,0.693831792742161,1.6562797820139088,0.3633401224400581,4,0.0
375,33,2,0,academic_performance,2,Health-Constrained,6.789091630463535,1.744270237799916,0.44560667947808785,26,2.5
376,4,1,1,,0,Academic Strugglers,3.6462267151025998,2.1035630630010376,0.5693993667978502,14,1.0
377,11,2,1,,2,Health-Constrained,1.5929443365907419,1.9295452932830948,0.4430354678487669,39,1.0
378,32,5,1,,1,Stable Achievers,-0.428991619043665,0.9744224298687267,0.2764939489557617,20,
379,20,2,1,,0,Academic Strugglers,4.068805950367408,2.409176866847038,0.52,2,1.0
380,16,4,1,,1,Stable Achievers,3.2027183071885137,0.8676315514961235,0.3647187858025245,7,2.0
381,26,2,1,,0,Academic Strugglers,3.2296226830951484,1.910396974094653,0.52,2,1.0
382,8,1,1,,0,Academic Strugglers,2.253575384702946,2.618568529747756,0.5700000000000001,2,2.0
383,47,3,0,health_related,1,Stable Achievers,2.7777240875589158,1.7113956047478158,0.3621060534399189,16,
384,26,2,0,commute_distance,0,Academic Strugglers,1.9030592228415921,,0.4676015690260122,7,
385,1,1,0,financial_instability,0,Academic Strugglers,2.440759988431333,2.3534268961536764,0.5083266920443081,7,1.0
386,22,3,1,,2,Health-Constrained,1.3018517770988107,1.7758298213778922,0.4002833516740098,36,0.0
387,35,3,1,,1,Stable Achievers,3.006657691553959,0.8412478725644001,0.3347114983182171,18,1.0
388,28,1,0,academic_performance,0,Academic Strugglers,5.447765957636183,2.852573466159096,0.5127722950239109,3,
389,24,1,1,,0,Academic Strugglers,0.0427507888990779,1.8327899264112921,0.5700000000000001,4,
390,31,4,1,,2,Health-Constrained,1.9726325661256268,1.7746323597250595,0.37894062788632366,57,0.0
391,2,3,1,,1,Stable Achievers,2.7647390973978085,1.3234207767147819,0.3642560287678621,22,0.5
392,24,1,1,,0,Academic Strugglers,5.414077882863012,2.3795367016342754,0.4707917000156217,4,1.0
393,19,4,1,,1,Stable Achievers,-0.2372032750351065,,0.3454208354499842,1,1.0
394,43,2,1,,0,Academic Strugglers,1.703452820526696,0.8826558639717148,0.52,5,2.0
395,28,4,1,,1,Stable Achievers,3.2377381337348785,1.6117619131184475,0.3448192325434803,2,1.0
396,9,4,0,academic_performance,1,Stable Achievers,5.269707253113657,0.483943446465975,0.3596920765875421,7,2.0
397,41,1,1,,2,Health-Constrained,5.77500005433997,2.35797354230938,,24,1.0
398,14,2,1,,0,Academic Strugglers,7.349979468499896,1.9012649676102482,0.4589544467327151,14,1.0
399,47,4,1,,1,Stable Achievers,0.8634070450803978,1.9,0.2965197159787313,26,0.5
400,17,5,1,,1,Stable Achievers,-0.6658729342500093,0.8083080717453028,0.2136552355502364,5,1.5
401,40,3,1,,0,Academic Strugglers,1.3385815146043396,1.9638364531360941,0.4367958709137365,7,1.0
402,37,3,1,,0,Academic Strugglers,1.7328218971853475,,,1,
403,34,5,1,,1,Stable Achievers,-0.4534789407531868,1.306999795026097,0.24756470110083173,30,1.0
404,31,1,1,,0,Academic Strugglers,-0.4129643423256612,2.5457151600582453,0.5685805313620174,3,
405,2,3,1,,1,Stable Achievers,1.0106306135400906,1.983107469467181,0.40590932640446453,4,1.5
406,10,3,1,,0,Academic Strugglers,3.619376800261425,1.8617332334860275,0.39642364732447755,3,0.0
407,42,2,1,,0,Academic Strugglers,0.8566578760531983,1.604867100342651,0.45277245797460663,3,1.5
408,35,3,1,,1,Stable Achievers,2.0036557961772603,2.1280011457800483,0.3314382975954057,3,2.0
409,22,2,0,household_pressure,0,Academic Strugglers,2.603394306416564,2.080262041225733,0.4649452963395646,18,1.0
410,37,1,1,,0,Academic Strugglers,2.4241024094087824,2.4354336155135803,0.5700000000000001,4,1.0
411,31,2,1,,2,Health-Constrained,0.8726819568469885,1.4860998216900314,0.4425937974318244,30,
412,37,1,1,,2,Health-Constrained,4.721082901452984,2.30571284187766,0.5303741283325338,39,1.0
413,26,3,1,,1,Stable Achievers,2.244742596079909,0.6916358207582577,0.418741431414728,16,
414,4,4,1,,1,Stable Achievers,1.8038091355948567,0.8190846689382634,,6,2.0
415,20,1,1,,0,Academic Strugglers,8.809017305880548,2.1205635017692286,0.5684760390075202,20,1.0
416,10,4,0,commute_distance,1,Stable Achievers,2.998538176475948,,0.2884120004395684,7,
417,41,1,0,health_related,2,Health-Constrained,2.382810187635786,2.291148823310916,0.5171483347780124,26,1.0
418,43,1,1,,0,Academic Strugglers,2.132811637647411,2.412776440613949,0.5700000000000001,2,1.0
419,10,2,1,,0,Academic Strugglers,5.180656664132754,,0.4770206510274429,3,
420,42,2,1,,0,Academic Strugglers,0.6925575186704349,2.5244764816977323,0.4916944677139639,4,2.0
421,16,4,1,,1,Stable Achievers,-0.3503978684610518,,0.2781474959872444,33,
422,10,3,1,,1,Stable Achievers,1.3260672878692648,0.9595181508985846,,3,2.0
423,13,1,1,,0,Academic Strugglers,1.3010256001928329,,0.5700000000000001,5,
424,26,1,1,,0,Academic Strugglers,1.8619909710888385,,0.5234035254187722,4,1.5
425,12,4,1,,1,Stable Achievers,1.4577443900632476,1.7007895962035464,0.28064023834101837,33,2.0
426,13,2,0,household_pressure,0,Academic Strugglers,4.372967624210521,2.27494573620102,0.42742086808118207,3,2.0
427,33,3,0,health_related,2,Health-Constrained,3.1217544758140936,1.4218766038692516,0.3809233603935938,42,1.5
428,20,1,1,,0,Academic Strugglers,3.862485563238595,2.411785754366397,0.5444210826406254,3,1.0
429,33,3,1,,0,Academic Strugglers,1.7642368903863623,1.8536619834801624,0.3464398981453332,5,
430,1,2,1,,2,Health-Constrained,3.623757616977633,1.5452617156856263,0.5049979626441439,34,1.5
431,5,1,0,household_pressure,0,Academic Strugglers,4.995932110676411,,0.5700000000000001,4,1.0
432,14,2,0,academic_performance,0,Academic Strugglers,9.409169384198448,2.0296840195782524,0.4996474641697461,8,1.5
433,18,3,1,,0,Academic Strugglers,3.978967673835707,1.9238149209494244,0.45633092292133515,6,1.5
434,13,3,1,,1,Stable Achievers,2.681664894353956,1.8885507238420027,0.36399611779954444,3,2.0
435,19,2,1,,0,Academic Strugglers,6.046406546390784,2.8,0.4810111968124417,6,1.0
436,44,2,1,,2,Health-Constrained,6.790834876881968,1.201596347249633,0.4691474463378758,51,2.0
437,22,2,1,,0,Academic Strugglers,3.570493460843787,1.8172973626639413,0.52,3,2.0
438,28,2,1,,0,Academic Strugglers,-0.4413140358122066,1.9595385814750303,0.4875228570782487,3,2.0
439,38,4,1,,1,Stable Achievers,2.4637186644875984,2.09470915014441,0.31350240651194927,20,1.0
440,9,3,1,,1,Stable Achievers,0.8866262363402542,1.8010969357483888,0.34842079936543724,7,1.0
441,7,2,0,other,2,Health-Constrained,11.0,2.0050050270826816,0.42099757465828924,54,0.0
442,21,1,1,,0,Academic Strugglers,2.061562432185109,2.155248880796567,0.5700000000000001,9,1.0
443,30,1,1,,0,Academic Strugglers,1.7437646506974032,2.2207856582545933,0.5622899104488162,3,2.0
444,24,4,1,,1,Stable Achievers,-0.8723055349829555,1.7630883478804926,0.27350441716181784,2,1.0
445,6,2,1,,0,Academic Strugglers,6.27732931137451,2.5027575085242764,0.44491638637894504,5,2.0
446,30,3,1,,1,Stable Achievers,2.8754633061119748,1.4127032868590006,,5,2.0
447,44,1,1,,0,Academic Strugglers,3.049126409179723,2.274259449899624,0.4960269611840823,6,1.0
448,26,1,1,,0,Academic Strugglers,6.094850014213739,1.744240703094259,,6,
449,43,4,1,,1,Stable Achievers,-0.3895576089427945,1.248215560433061,0.31569959587315644,1,1.5
450,20,3,1,,2,Health-Constrained,2.309464488536242,1.7304961533913046,0.36589045844559503,16,
451,19,1,1,,0,Academic Strugglers,1.5824866951073386,2.612587664544646,0.5412159912347432,20,1.0
452,15,5,1,,1,Stable Achievers,1.1063698937590316,0.31287663695386714,0.2912732068844595,26,2.0
453,25,4,1,,1,Stable Achievers,4.61297068327364,1.171080197476119,0.26435255623216003,10,1.5
454,28,3,0,health_related,2,Health-Constrained,1.0354999342373201,,0.4340261710037172,26,1.5
455,5,2,0,financial_instability,0,Academic Strugglers,3.826285349238411,,0.52,16,2.0
456,46,1,0,financial_instability,0,Academic Strugglers,3.3953837153522475,2.6514841726755076,0.5700000000000001,24,1.0
457,8,2,1,,0,Academic Strugglers,6.5143300946149605,0.9992522631862104,0.52,5,1.0
458,26,3,1,,1,Stable Achievers,3.882155669893367,1.3704638304115515,0.39256225142811585,5,3.0
459,15,1,0,financial_instability,0,Academic Strugglers,0.2749466002098966,2.3345748234601937,0.5543778306919418,4,0.0
460,42,4,1,,1,Stable Achievers,1.3300552416260802,0.7368701049038211,0.3702335104304061,6,2.0
461,31,5,1,,1,Stable Achievers,4.670678828307122,0.7618900137636087,0.19727135006087743,27,0.5
462,1,4,1,,2,Health-Constrained,-0.0414391361681349,0.4877518598128863,0.3446172663341279,42,2.0
463,2,1,1,,0,Academic Strugglers,2.590612618023998,2.5,,6,
464,10,2,1,,0,Academic Strugglers,3.6943717250471506,,0.4694780236862623,2,2.0
465,39,1,1,,0,Academic Strugglers,1.976734036620158,2.7482663403631067,0.5700000000000001,4,1.0
466,41,3,1,,1,Stable Achievers,1.8515385501473298,,0.4002706339043968,5,
467,26,2,1,,0,Academic Strugglers,0.2800790572949693,2.1300053781344537,0.4152288935687432,1,1.0
468,27,2,1,,0,Academic Strugglers,0.685858589056141,1.7098074339405849,0.43279702109273177,1,1.5
469,31,1,1,,2,Health-Constrained,5.9271518568657715,2.4551668584651125,0.49658611364617733,24,1.0
470,23,3,1,,0,Academic Strugglers,3.508717450872301,,0.40597410466160233,5,
471,25,3,1,,2,Health-Constrained,2.189764467689806,1.242224765378253,0.4240555350651144,20,2.5
472,18,3,1,,2,Health-Constrained,1.465614382881975,1.766498254603135,0.4144303930094379,48,1.0
473,24,1,1,,0,Academic Strugglers,1.7682137397227566,2.0295432952959915,0.5700000000000001,5,1.5
474,14,3,1,,0,Academic Strugglers,0.6686001426531877,1.956031080607024,0.3727895973631544,2,0.0
475,36,5,1,,1,Stable Achievers,0.0686585458799253,1.4046640751985058,0.2537483289451597,28,1.0
476,32,5,1,,1,Stable Achievers,1.091017680923804,0.4278618156139462,0.19823508271950602,4,2.0
477,34,5,1,,1,Stable Achievers,-0.8042709516068359,0.38217092058420987,0.273820705923387,16,2.0
478,18,4,1,,1,Stable Achievers,1.8960094384510056,,0.3479162874289655,6,
479,19,3,1,,0,Academic Strugglers,4.984423024005025,1.9836517453912763,0.34035918039816393,3,2.0
480,21,1,1,,0,Academic Strugglers,2.6379087710107956,2.4594960653412548,0.5700000000000001,7,
481,29,5,1,,1,Stable Achievers,3.593429844146943,0.48676874908517653,0.2937801700874203,7,3.0
482,37,1,1,,0,Academic Strugglers,3.8461031274977504,2.3624173848325425,0.5261352551596984,5,1.0
483,1,2,1,,0,Academic Strugglers,3.0051854277525525,,0.5144710955622716,8,
484,45,5,1,,1,Stable Achievers,-0.411959437794698,1.58767494143904,0.24342700430287362,6,1.0
485,41,5,1,,1,Stable Achievers,-0.3467796032792374,0.8240895875915417,0.2604108774739028,8,1.5
486,47,2,1,,0,Academic Strugglers,4.609258266046306,1.1969108054575823,0.52,3,1.0
487,14,5,1,,1,Stable Achievers,-0.545962771148642,0.7570801934088756,0.26887663841704,1,2.5
488,23,1,1,,0,Academic Strugglers,4.16385018538673,1.6566073535760006,0.5673105672083048,8,1.5
489,26,1,1,,0,Academic Strugglers,3.760836411245501,,0.5700000000000001,20,1.0
490,7,1,1,,2,Health-Constrained,5.584547332192407,,0.5243198742347086,22,2.0
491,17,3,1,,0,Academic Strugglers,1.787699801574381,1.6468449505557077,0.4126973624848046,2,2.0
492,2,1,1,,0,Academic Strugglers,4.118422965696355,,0.5123437685449086,10,1.0
493,6,3,0,health_related,2,Health-Constrained,6.26970150376531,1.574980638501859,0.365844282833238,39,1.5
494,24,2,1,,2,Health-Constrained,1.517799720808002,2.049031752804836,0.4136194630250769,57,
495,15,2,1,,0,Academic Strugglers,3.3439157825772217,,0.4203188622805135,9,1.0
496,4,4,1,,1,Stable Achievers,1.6947170245555845,1.0825281477878057,0.3387756745760019,2,1.5
497,40,3,1,,0,Academic Strugglers,1.3721143804278209,1.6942408339244328,0.45106804845323545,3,1.5
498,6,2,1,,2,Health-Constrained,5.56907348139303,2.003697715664904,,22,1.0
499,11,1,1,,0,Academic Strugglers,1.4900595419347833,2.5263734943195777,0.542611021027786,3,1.0
500,12,4,1,,1,Stable Achievers,2.4433008251915376,0.769786518166805,0.3569599238842154,22,2.0
501,25,3,1,,1,Stable Achievers,0.9132280582698084,1.9410336721129564,0.35165461615212124,3,
502,47,5,1,,1,Stable Achievers,1.4618510677639838,0.23935620777387473,0.29814137305345223,15,2.0
503,2,1,1,,0,Academic Strugglers,2.3109906919986116,2.0750434790240635,0.5368186126840981,20,1.5
504,8,5,1,,1,Stable Achievers,3.1977955474096382,0.48491112930511443,,3,2.0
505,16,5,1,,1,Stable Achievers,2.3409924883614184,0.42447253372497806,0.2040878842187714,16,3.0
506,6,5,1,,1,Stable Achievers,2.546332178452693,1.3287771601765836,0.20545806472653183,39,0.0
507,1,2,1,,1,Stable Achievers,1.824463068703529,1.214350405688389,0.4205839778711852,3,2.0
508,44,4,1,,1,Stable Achievers,-0.2721898818076615,0.8236657923514548,0.2836156354478344,39,3.0
509,11,2,1,,0,Academic Strugglers,0.465273275653266,1.9591458688244814,0.4885691621912145,4,1.0
510,30,4,1,,1,Stable Achievers,4.752266475396934,1.234183843703211,0.26448266022531364,2,
511,42,2,1,,2,Health-Constrained,3.1104766984253125,2.1952198404856564,0.5191206179122521,36,1.5
512,35,4,1,,1,Stable Achievers,2.7799633831780484,,0.3778619857991138,5,1.0
513,2,1,1,,0,Academic Strugglers,4.8310183538128335,2.935351089360071,0.5677427692450495,8,1.0
514,17,2,1,,0,Academic Strugglers,0.968989523289455,2.09596303194333,0.5028311879483687,5,1.0
515,3,2,1,,0,Academic Strugglers,1.2282798601158573,2.5054888118094856,0.40155919982928834,6,1.0
516,44,1,0,other,2,Health-Constrained,7.3308065925867565,,,22,
517,22,2,1,,0,Academic Strugglers,3.731900881523493,2.467062876134218,0.52,3,
518,46,3,0,academic_performance,0,Academic Strugglers,4.1894380227490355,2.010264852278832,0.4482224370590626,7,0.0
519,19,3,1,,0,Academic Strugglers,4.839714685455939,2.2963859530966726,0.43139177554603253,9,1.0
520,27,4,1,,1,Stable Achievers,0.2905575164292234,0.9649023329473284,,2,0.5
521,3,5,1,,1,Stable Achievers,2.2452777128400294,0.31800785836934076,0.2571244174330187,9,1.0
522,47,2,1,,2,Health-Constrained,4.599629928228639,1.8996256076631604,0.4203576209064999,24,1.0
523,41,4,1,,1,Stable Achievers,-0.3869554902942193,0.5746548657718396,0.314525061584507,5,2.0
524,24,1,0,household_pressure,0,Academic Strugglers,3.7182221063548444,,0.5700000000000001,5,
525,11,3,1,,0,Academic Strugglers,1.526032969151629,1.78438903893074,0.42488039423517504,11,
526,21,1,1,,0,Academic Strugglers,3.195002672636637,2.294763038281417,0.5504350142850605,18,1.0
527,21,1,1,,0,Academic Strugglers,2.578266670335539,1.5669229558172924,,3,1.5
528,37,4,1,,1,Stable Achievers,2.585139645024648,1.472390588383845,0.3253030005555453,22,2.5
529,15,4,1,,1,Stable Achievers,1.464797342173641,1.689543614741544,0.33876460304814693,14,1.0
530,31,2,1,,0,Academic Strugglers,2.49795838790994,1.9643279051307792,0.44415471161235354,4,2.0
531,39,4,1,,1,Stable Achievers,1.4458068769850028,0.7140331662444683,0.32765596626180205,7,3.0
532,10,2,0,commute_distance,0,Academic Strugglers,4.991985233153369,2.6073594386370518,0.4529687544635658,5,1.0
533,37,3,1,,1,Stable Achievers,0.5758658786426667,1.258226609472474,0.4570947515512385,4,2.5
534,25,4,1,,1,Stable Achievers,1.4214880806831842,0.48111009720487286,0.2921385577233936,3,
535,10,1,1,,0,Academic Strugglers,4.5428028553612325,2.342068779024953,0.5041723768015919,7,1.0
536,1,2,1,,0,Academic Strugglers,2.3494813495909876,2.248618815471627,0.4297206620638231,4,
537,42,2,1,,2,Health-Constrained,9.313776528677334,,0.52,32,
538,42,3,1,,1,Stable Achievers,-0.2922163324406437,1.2396578607862758,0.45761213851957994,1,1.5
539,3,1,1,,0,Academic Strugglers,6.648849061968252,2.3728162392984684,0.5204784493919055,3,1.0
540,26,3,0,household_pressure,0,Academic Strugglers,2.0506470047272725,1.779120019167391,0.4053926301431508,6,1.0
541,5,4,1,,1,Stable Achievers,-0.7147084948593617,0.999654948704321,0.3166564650936716,3,0.5
542,3,1,1,,0,Academic Strugglers,1.276393610238079,2.0826584926040628,0.5364799577455606,6,1.0
543,3,2,1,,2,Health-Constrained,7.298416905712352,1.9483882700043555,0.4222005726315661,30,0.0
544,45,1,1,,2,Health-Constrained,4.654211517513507,2.19176351420135,0.5537504122207979,45,2.0
545,24,3,0,academic_performance,0,Academic Strugglers,5.618414627288123,1.8674765191920493,0.4374543352855208,3,1.5
546,47,3,1,,0,Academic Strugglers,3.5521780772113694,,0.42125217381695124,3,2.0
547,37,3,1,,0,Academic Strugglers,2.9808391799431595,1.8846603096005072,,7,0.5
548,35,3,0,academic_performance,2,Health-Constrained,5.973496388345364,,0.3993730036426226,20,0.0
549,6,4,1,,1,Stable Achievers,2.206712628911174,1.6914982776375904,0.3648876771191958,4,
550,21,4,1,,1,Stable Achievers,1.962264947980233,0.5146685863882399,0.30091424915303067,30,2.0
551,27,1,1,,0,Academic Strugglers,5.096355407213612,2.2091806607311177,0.5676332372927815,11,1.0
552,28,3,1,,2,Health-Constrained,4.502931069849743,2.1,0.428306173494024,20,0.5
553,7,3,0,health_related,2,Health-Constrained,2.7859365368657887,1.8931651393345694,0.4207406046406858,54,1.5
554,1,2,1,,2,Health-Constrained,2.760451353672262,2.376910508369402,0.5053732158471428,48,1.0
555,29,2,1,,0,Academic Strugglers,4.830392633232921,1.9071091427711704,0.4844456409514214,10,1.0
556,6,1,1,,0,Academic Strugglers,2.070773568511153,2.4472876983436374,0.5406632359666036,8,2.5
557,45,4,1,,1,Stable Achievers,-0.45991788775326,0.9241117550709717,0.35919026382259944,1,2.5
558,16,1,0,commute_distance,0,Academic Strugglers,3.3968510544227906,3.0,0.5479836445760948,3,0.0
559,44,3,1,,0,Academic Strugglers,7.715471122734336,,0.3724465728516703,11,1.5
560,20,5,1,,2,Health-Constrained,1.9150931173195023,0.8174289424121024,0.19821881438479338,54,0.5
561,20,4,1,,1,Stable Achievers,0.951190541616709,0.9213900622926933,0.2706742458057566,22,1.5
562,36,1,1,,0,Academic Strugglers,-0.8377444984050457,2.138115192253288,0.5195475877716806,14,1.0
563,43,4,1,,1,Stable Achievers,1.3274243275802804,1.6453647145983368,0.3427379535849491,4,0.0
564,9,3,1,,0,Academic Strugglers,0.5647727402689275,2.039056036062076,0.4073197401345704,4,0.0
565,21,4,1,,1,Stable Achievers,0.8575871973426844,0.6321354453835575,0.35613384049434216,3,2.0
566,6,2,1,,0,Academic Strugglers,1.7643466423319363,,0.4626456637914051,4,
567,33,5,1,,1,Stable Achievers,2.6198172056733804,0.9259911878261775,0.285698544863375,4,1.5
568,33,3,1,,1,Stable Achievers,0.3767451238587598,1.082493207880305,0.33998274194214195,8,1.0
569,7,1,1,,2,Health-Constrained,1.80926885787488,1.5141801884607773,0.5649505124879037,24,1.5
570,42,2,1,,0,Academic Strugglers,2.0340895834355224,1.4688849470981529,0.4825092031176888,0,1.5
571,47,1,1,,0,Academic Strugglers,6.839346132817438,2.5504594641202187,0.5493621727203153,2,1.0
572,42,1,1,,0,Academic Strugglers,6.635760083554185,2.1719973554074956,0.5700000000000001,6,1.0
573,38,1,1,,2,Health-Constrained,3.491215992785196,,0.4800433439508974,20,2.5
574,35,1,1,,0,Academic Strugglers,1.0729895663499245,2.5606509517304206,0.5700000000000001,20,2.0
575,14,4,0,household_pressure,1,Stable Achievers,0.3917564473202005,0.9899753299033002,0.3370048151582776,7,2.5
576,47,3,1,,2,Health-Constrained,0.1280118407413085,1.323349162481854,0.4389881844084613,36,1.5
577,15,2,1,,0,Academic Strugglers,4.877707809585744,2.5347728284809206,0.4605485688028902,16,2.0
578,25,3,1,,2,Health-Constrained,4.655658291525821,1.2965995204928829,0.37959354208894813,18,1.5
579,34,5,1,,1,Stable Achievers,2.941751865254319,0.44247366665971294,0.29727561152556803,0,3.0
580,37,2,1,,0,Academic Strugglers,2.661951410781549,,0.4632009879119648,7,2.0
581,16,2,1,,0,Academic Strugglers,4.81608868303757,,0.52,5,
582,20,1,0,academic_performance,2,Health-Constrained,10.90900647200951,,0.4786096238208295,39,
583,23,1,1,,0,Academic Strugglers,0.2989284860948977,2.099509906296886,0.5130614463526144,6,0.0
584,17,1,1,,0,Academic Strugglers,3.6482664330911287,2.553115900290652,0.5588922902083255,10,0.0
585,16,3,1,,2,Health-Constrained,3.063151216362357,0.8581903938460131,0.3810809133749653,36,2.0
586,43,3,1,,0,Academic Strugglers,7.498277223319235,2.1133127792408426,0.42739261362055925,4,0.0
587,12,3,1,,2,Health-Constrained,3.8240435699592368,1.836280955465992,0.4448770503189031,48,1.0
588,21,4,1,,1,Stable Achievers,1.3556116999676446,1.1645669205251692,0.3652125991314157,22,1.5
589,8,1,1,,2,Health-Constrained,0.5801032424766781,1.7942916858486913,0.48522340472680503,42,2.5
590,36,3,1,,1,Stable Achievers,1.0059123340637577,0.8575024716833588,0.3409759806296563,3,2.0
591,38,5,1,,1,Stable Achievers,0.3511639524408925,0.9656157221754267,0.2333250345625723,36,1.5
592,24,3,1,,0,Academic Strugglers,3.2597787042323416,1.6868242749752973,0.3860479055712384,6,1.5
593,3,4,1,,1,Stable Achievers,2.0739066650645874,,0.2773977988791484,6,
594,6,3,1,,2,Health-Constrained,2.587594354032169,1.4510237860273514,0.38906978277453363,36,0.5
595,12,1,1,,0,Academic Strugglers,1.2442771059426465,,0.5060029188596225,12,0.0
596,6,5,1,,1,Stable Achievers,2.923704511408612,0.39484579905794304,0.2272776029200913,22,2.0
597,11,2,1,,0,Academic Strugglers,5.7019194758925345,,0.49164771764245313,7,
598,24,1,1,,2,Health-Constrained,2.5761751073134342,2.351939731890676,0.5193247187674694,45,1.0
599,28,3,1,,1,Stable Achievers,4.644184828297922,1.309932208092965,,5,2.5
600,34,1,1,,0,Academic Strugglers,2.2999297574012534,2.657367568924534,0.5693231341980791,5,2.0
601,44,2,1,,0,Academic Strugglers,4.39017116001418,,0.4154596149025816,6,
602,35,3,1,,0,Academic Strugglers,1.2160108569641994,1.7694046851225331,0.42109548847289624,3,0.0
603,23,1,0,academic_performance,0,Academic Strugglers,7.1772900270632,1.8572506796067267,0.5685528081816744,16,2.0
604,16,4,1,,1,Stable Achievers,1.5214372981325701,1.1413380486499638,0.33374401672204723,18,2.0
605,41,1,1,,2,Health-Constrained,4.813948631636516,1.5752333995203576,0.5188945983734744,22,0.5
606,1,3,1,,0,Academic Strugglers,6.0737646332897075,2.3807323096323345,0.3417462143093574,6,1.0
607,35,3,1,,2,Health-Constrained,1.4405401964902647,1.699949459546254,0.396271408706958,18,1.0
608,26,2,0,academic_performance,0,Academic Strugglers,6.334721662314935,1.562661900111769,0.4002422429551974,6,1.5
609,24,5,1,,1,Stable Achievers,0.3693901425542274,1.2561890031512448,0.23397810821308718,4,0.0
610,9,4,1,,1,Stable Achievers,5.115817350338078,,0.3051880907075676,6,
611,14,3,1,,1,Stable Achievers,0.7459638934556363,1.00608087227672,0.34504064952201796,3,2.0
612,16,3,1,,1,Stable Achievers,0.0647941005057521,1.796700841066543,0.4584817399838668,7,2.0
613,2,4,1,,1,Stable Achievers,2.616556358076296,0.9109521945563226,0.2788431158073591,20,1.5
614,27,1,0,financial_instability,0,Academic Strugglers,2.7125108456242653,1.367554133524235,0.5700000000000001,5,1.0
615,27,4,1,,1,Stable Achievers,-0.5190909571843342,1.6360740097191386,0.27961549719345313,20,2.0
616,19,2,1,,0,Academic Strugglers,3.7850973370238945,1.878345852402522,0.417577666258006,3,1.0
617,43,1,0,health_related,2,Health-Constrained,2.4048837532903975,2.6392069994352005,0.5039301081066361,45,1.0
618,22,2,1,,0,Academic Strugglers,7.075598949860848,1.5584115318194753,0.5119343121414623,2,1.5
619,4,2,1,,0,Academic Strugglers,1.8559956386135585,2.007225082039191,0.4968531145892101,14,1.5
620,3,5,1,,1,Stable Achievers,0.8965360633663875,0.9383921952701579,0.21250516613190878,8,1.5
621,18,2,1,,2,Health-Constrained,1.5360333965341724,1.887616885655254,0.41676981164872773,21,1.0
622,9,2,1,,0,Academic Strugglers,2.090659668924368,0.9187190778977287,0.48195915515510124,10,3.0
623,41,4,1,,2,Health-Constrained,4.769721874310578,1.6672269408570504,0.33921778402671443,28,
624,40,4,1,,1,Stable Achievers,2.13317981061574,1.1527464514396992,0.27506496081638987,7,0.5
625,46,2,1,,0,Academic Strugglers,5.096864919281899,2.1367958686681137,0.4864011608319509,5,1.0
626,25,4,1,,1,Stable Achievers,1.7872823895131336,1.496899784308308,0.3679217889547368,3,0.5
627,23,1,1,,0,Academic Strugglers,3.305776806310957,1.4374964098518546,0.5556313793413972,5,2.0
628,42,4,1,,1,Stable Achievers,1.0522614195732298,,0.2624125986452369,3,1.5
629,30,1,0,academic_performance,0,Academic Strugglers,8.920964617863884,1.903537541872366,,3,1.5
630,41,1,0,academic_performance,0,Academic Strugglers,8.794635460978114,2.4508684576245763,,2,1.0
631,10,5,1,,1,Stable Achievers,1.0822607365769892,1.118725077593095,0.2167186368864374,3,1.5
632,10,5,1,,1,Stable Achievers,-1.1176562086725332,,0.2357630233972453,7,2.5
633,3,3,1,,1,Stable Achievers,1.2967068961977068,0.7143305221871443,0.4214697634671962,4,
634,19,2,0,other,0,Academic Strugglers,2.9357466732830586,1.5905062502188367,0.43477520659133173,6,1.5
635,38,4,1,,2,Health-Constrained,5.218968546672018,1.4401859439438223,0.37324262702953526,16,1.0
636,25,2,1,,2,Health-Constrained,2.1231770519591553,2.4875468062740227,0.4746303932799743,45,1.0
637,26,3,1,,0,Academic Strugglers,4.132527340387013,,0.4118229419510637,6,
638,5,1,1,,0,Academic Strugglers,6.0667428141736846,2.27198134976828,0.5272277120521209,6,1.0
639,6,3,1,,2,Health-Constrained,0.7459684429839522,1.9098234408457948,0.36512847537947835,20,0.0
640,5,1,1,,0,Academic Strugglers,3.699826178790573,2.5,0.5353580462170484,4,1.5
641,18,2,1,,0,Academic Strugglers,5.322423895427404,,0.47411207513463643,3,
642,40,1,1,,0,Academic Strugglers,3.4270164080548584,2.727777969530999,0.5700000000000001,5,2.0
643,35,4,1,,0,Academic Strugglers,4.260426798908103,1.6943132294740457,0.3721789298873496,2,1.0
644,39,3,1,,1,Stable Achievers,0.466104734752399,1.9253388863490244,0.3548789728562487,7,1.0
645,14,4,1,,1,Stable Achievers,0.0752217474152021,0.4476443392098483,0.2636884702987621,39,2.0
646,19,4,1,,1,Stable Achievers,4.776131483527664,0.5257056951040122,0.2927346768754659,7,1.0
647,46,1,0,academic_performance,0,Academic Strugglers,9.763711927806344,,0.5101531162476739,16,0.5
648,34,5,1,,2,Health-Constrained,0.45427639506485484,,0.2075300206059581,51,
649,33,4,1,,1,Stable Achievers,1.2599407486978313,1.6305414033585421,0.263227868596813,5,0.5
650,25,2,1,,2,Health-Constrained,2.3033569231255946,1.8577529390926748,0.42063074845030035,36,1.0
651,5,3,1,,1,Stable Achievers,-0.6895007299916452,2.3791786605813847,0.4044865154769427,7,1.0
652,36,1,1,,0,Academic Strugglers,3.2550065284321814,2.3454503302688305,0.5632106370046019,5,1.0
653,18,1,0,academic_performance,0,Academic Strugglers,5.456003480706876,2.217426472641268,0.5214832743987512,4,2.0
654,15,2,1,,2,Health-Constrained,5.2426525261054255,,0.5174003886952823,22,
655,35,3,1,,1,Stable Achievers,1.0059703480618014,2.073756329858225,0.38770530349635934,6,1.5
656,23,1,1,,0,Academic Strugglers,4.252383609845146,2.7289890213114756,0.5423691511876877,20,1.0
657,8,5,1,,1,Stable Achievers,1.131334838846548,0.3779457352824731,0.23462078542644133,7,2.0
658,42,5,1,,1,Stable Achievers,-0.3815944844960542,1.031892707426193,0.2590857656757422,2,1.5
659,19,2,1,,2,Health-Constrained,4.697486992956301,,0.4519272371598537,24,1.0
660,39,4,1,,1,Stable Achievers,2.9427009006850797,0.968642509393647,0.3053239767002926,14,1.5
661,20,3,1,,1,Stable Achievers,0.9896524191445863,0.847604089918727,0.36530486014211805,4,2.0
662,15,1,1,,0,Academic Strugglers,4.570351567148665,2.404956976058614,0.48788273999282794,3,1.0
663,38,3,1,,1,Stable Achievers,1.0915044586780756,0.8301574658447884,0.4130495077270051,5,
664,42,1,1,,0,Academic Strugglers,2.1720631320288515,2.120681254574717,0.5390282385553302,5,1.5
665,15,3,1,,0,Academic Strugglers,6.086653103338155,1.176203532996018,0.3571064854564812,5,1.5
666,19,4,1,,1,Stable Achievers,5.724257005954316,1.054317944128641,0.3781422840128307,14,0.5
667,26,1,1,,0,Academic Strugglers,1.9354268083806687,2.882475577485522,0.5700000000000001,2,1.0
668,33,1,0,academic_performance,0,Academic Strugglers,6.354058983134214,,0.5151922285856365,3,1.0
669,24,2,1,,0,Academic Strugglers,3.6040457974406013,2.3745985111884482,0.52,9,2.0
670,34,1,1,,0,Academic Strugglers,1.9900748455694681,2.6640633833743275,,5,2.0
671,39,1,1,,0,Academic Strugglers,2.0698600505254756,2.2821208248501774,0.4777462528553253,5,1.0
672,19,4,1,,1,Stable Achievers,1.4549656971769727,1.2464254256760183,0.3483741895864322,4,1.5
673,40,1,1,,0,Academic Strugglers,1.3249682384545143,2.2049182992103686,0.547614262123862,4,
674,39,4,1,,2,Health-Constrained,0.24561436878674558,1.8175016724397808,,33,1.0
675,46,2,1,,0,Academic Strugglers,0.7700009214700099,2.2508460779450843,0.4480510040089938,2,2.0
676,22,2,1,,2,Health-Constrained,4.785511094296293,,0.52,51,
677,40,4,1,,1,Stable Achievers,0.4543638141359621,,0.35903295215045716,6,
678,46,5,1,,1,Stable Achievers,0.0663619657983833,0.48907865581563276,0.215212245132685,3,2.0
679,45,2,1,,0,Academic Strugglers,0.2553674804407997,1.069651773327299,0.5045276730171556,7,2.0
680,45,2,1,,0,Academic Strugglers,1.9181544894626392,2.646464815781571,0.4829987218361304,5,
681,19,3,1,,0,Academic Strugglers,1.9955195994332078,,0.3746363101587642,7,1.0
682,43,1,1,,0,Academic Strugglers,1.0178129951404318,,0.4896611025456057,4,
683,21,1,1,,0,Academic Strugglers,1.0027784556142565,2.09960236719377,0.5180340012235912,9,1.0
684,43,1,1,,2,Health-Constrained,4.503869874672011,2.147125426294372,0.5700000000000001,57,0.0
685,39,2,1,,2,Health-Constrained,0.9928909867938879,1.3853848261138113,0.4889048973700279,36,1.0
686,7,3,1,,1,Stable Achievers,0.1905187804011614,1.7691387439783157,0.34201545441785675,9,1.0
687,7,3,0,other,2,Health-Constrained,4.246112659542609,1.0416114134145047,0.340333007526231,75,2.0
688,31,5,1,,1,Stable Achievers,-0.4149522561748502,0.8746066441735789,0.2438654477093164,9,1.5
689,12,2,1,,2,Health-Constrained,2.9523327161554613,0.8735729394060652,0.415552128234077,22,2.0
690,35,4,1,,1,Stable Achievers,6.991390494974317,0.5289349736536421,0.3042977917184304,7,2.0
691,37,3,1,,1,Stable Achievers,3.212783199012021,1.0240753852426874,0.35191316528303185,16,2.0
692,25,5,1,,1,Stable Achievers,0.9709113883035448,1.2193782187149556,0.21207740963301908,4,1.0
693,37,5,1,,1,Stable Achievers,-0.8033660087331816,1.0806074286705507,0.2942401099850711,5,0.5
694,25,2,1,,0,Academic Strugglers,3.674765457140684,,0.4800596650217377,1,0.0
695,27,2,0,financial_instability,0,Academic Strugglers,2.924747681860943,,,5,2.0
696,10,4,0,commute_distance,1,Stable Achievers,2.1647188823958827,0.6496725796659553,0.29458080150678523,3,3.0
697,28,1,1,,0,Academic Strugglers,0.1735360357418051,,0.4871347056682551,0,0.0
698,8,4,1,,1,Stable Achievers,0.7403911727221614,0.6079649770025203,0.2875184317112181,3,1.0
699,30,4,1,,1,Stable Achievers,3.5061971940961234,0.5030567753031723,0.2826621345290287,10,
700,37,4,1,,1,Stable Achievers,1.5605628266268696,1.41718286490226,0.35933005525869677,2,2.0
701,37,1,1,,2,Health-Constrained,2.774853132998979,1.805627074854562,0.5700000000000001,24,2.5
702,8,3,1,,1,Stable Achievers,2.601137447371107,1.7372347260591972,0.38265330781109574,3,1.0
703,38,2,1,,0,Academic Strugglers,4.314808794611729,2.271187439137522,,5,1.0
704,35,1,1,,0,Academic Strugglers,2.4342761273820646,2.2973956709686907,0.5700000000000001,7,1.0
705,7,4,1,,1,Stable Achievers,1.9326969914275258,1.3179385067910134,0.33496347622775624,4,0.5
706,4,2,1,,0,Academic Strugglers,5.50935328686251,1.3919482472872593,0.47649027087187174,6,2.5
707,31,3,1,,0,Academic Strugglers,3.14628113210712,1.1621391155806466,0.4574484499038177,5,1.5
708,20,2,1,,1,Stable Achievers,4.217814525828145,0.9118252596828894,0.4009563988353732,5,3.0
709,24,2,0,other,2,Health-Constrained,-0.0817831657590392,1.8270500177713251,0.4237302441974803,54,1.0
710,2,4,1,,1,Stable Achievers,5.567369155190324,0.9396435484683038,,6,1.5
711,12,4,1,,1,Stable Achievers,0.5352737465755071,0.6467696375739179,0.37894066910862434,4,1.0
712,32,1,0,commute_distance,0,Academic Strugglers,3.115653400822053,3.0,0.5700000000000001,3,1.0
713,30,3,1,,0,Academic Strugglers,0.85526974754269,1.9266808245512386,0.4476797368238609,4,1.0
714,14,1,0,household_pressure,0,Academic Strugglers,5.749601381621018,2.7789304045627468,0.5404202470905288,7,1.0
715,17,1,1,,0,Academic Strugglers,2.0168777990961275,,0.5700000000000001,20,1.0
716,22,1,1,,0,Academic Strugglers,2.152382852495716,2.4439392069155645,0.5081542075857819,4,1.0
717,16,4,1,,1,Stable Achievers,-0.13866941832834,0.526436666903468,0.2891869178574501,8,3.0
718,14,4,1,,1,Stable Achievers,0.2663459719833165,1.0600592206972488,0.3470548874922901,6,1.5
719,15,2,1,,2,Health-Constrained,-0.1980043053083928,,0.43318410182193834,20,
720,25,1,1,,0,Academic Strugglers,2.789835857008434,2.3725280070189543,0.5264124697266749,3,1.0
721,27,1,1,,0,Academic Strugglers,4.346957658806845,2.721730780108727,,6,1.0
722,31,1,1,,0,Academic Strugglers,2.3539523101445003,2.1667077065912976,0.5084943733190025,3,
723,12,5,1,,1,Stable Achievers,-0.5571033298360123,0.7358817200283883,0.2995347449551512,12,2.0
724,8,2,1,,0,Academic Strugglers,1.3717454136913374,2.272630747607106,0.4401818308412333,6,0.0
725,15,1,1,,0,Academic Strugglers,0.357394078517126,2.166017882571718,0.5056684264062639,7,
726,37,5,1,,1,Stable Achievers,-0.7513705481635993,1.7687157065736039,0.21671535223839428,3,2.0
727,40,5,1,,1,Stable Achievers,1.5028480247452358,0.32445938032942256,0.2615779279175705,2,2.0
728,37,2,0,financial_instability,0,Academic Strugglers,3.718058767257945,2.0075635415350397,0.52,4,0.0
729,19,2,1,,0,Academic Strugglers,2.9110457888172836,,0.5003856501354443,5,1.5
730,45,1,0,commute_distance,0,Academic Strugglers,1.282810121491664,1.989283475537766,0.501957505653036,16,2.0
731,27,3,1,,2,Health-Constrained,4.604623252326812,1.206876308058637,0.3649469720025432,69,0.5
732,18,1,0,household_pressure,0,Academic Strugglers,5.9406161391115475,1.838158902014206,0.5700000000000001,6,1.5
733,28,1,1,,2,Health-Constrained,1.8345891327573134,2.7402047024012477,0.4738971118571524,45,1.0
734,42,5,1,,1,Stable Achievers,-0.2765275134250101,0.9007431124951011,0.269446157074834,7,2.5
735,21,1,1,,0,Academic Strugglers,1.9537254157277586,,0.5122049292394864,4,
736,5,1,1,,0,Academic Strugglers,5.65426233886431,2.4851084875313356,0.5043158894480846,4,1.0
737,15,1,1,,0,Academic Strugglers,2.196850015857044,2.318133307158159,0.5700000000000001,6,0.0
738,47,1,1,,0,Academic Strugglers,5.997720852572263,,0.4979410176628978,16,1.0
739,22,1,1,,0,Academic Strugglers,1.873845929356924,1.7389861226667476,0.5700000000000001,4,1.0
740,10,5,1,,1,Stable Achievers,-0.9214458148749188,1.3367821183669883,0.2526050611968855,7,2.0
741,42,5,1,,1,Stable Achievers,0.4742054775846223,0.3396925770819681,0.19294381816027611,7,3.0
742,18,5,1,,1,Stable Achievers,-0.8615208880336827,0.42374769037836646,0.2745095489976193,39,2.0
743,16,2,1,,0,Academic Strugglers,0.7556231179372604,2.0881721440553944,0.4856869535099064,2,
744,5,5,1,,1,Stable Achievers,0.6608884540650889,0.7604002216872938,,22,1.5
745,45,5,1,,1,Stable Achievers,-0.3654832165203011,0.2617134685500071,0.20286136502764968,16,3.0
746,40,2,1,,0,Academic Strugglers,3.230741157077282,1.2584751389418738,0.4142747593431786,6,1.0
747,19,3,1,,0,Academic Strugglers,6.388546176988896,1.7275040888740687,0.4283051498189625,2,
748,23,3,1,,2,Health-Constrained,2.8475633959138786,1.5272762339578245,0.4022486445556157,48,1.5
749,12,1,1,,0,Academic Strugglers,0.915010451236741,2.128802281408838,0.4792991517011457,3,2.0
750,46,4,1,,0,Academic Strugglers,8.7616236590057,1.5183988612735253,0.36729016227940936,4,1.0
751,44,3,1,,0,Academic Strugglers,3.7834237078837147,1.9113322719800179,,2,1.0
752,7,2,0,health_related,2,Health-Constrained,-0.8001832845896375,1.9298886227081455,0.52,51,0.0
753,12,4,1,,1,Stable Achievers,2.314111272417021,1.081404689517555,0.36672799701584025,8,2.5
754,42,2,1,,0,Academic Strugglers,1.4310610751236599,2.26349294035958,0.4927062398359047,14,1.0
755,11,1,1,,2,Health-Constrained,2.6677436741044316,2.199099195968774,0.5061577475120389,51,
756,17,2,0,other,1,Stable Achievers,1.8548337411986742,1.3837504791882427,0.4108515229236495,4,1.5
757,39,1,1,,0,Academic Strugglers,6.557460869328713,2.515779485674761,0.5074703458507845,3,2.0
758,12,2,1,,0,Academic Strugglers,2.5955647532971113,2.190409309814579,0.4151607359777281,4,1.0
759,40,2,1,,0,Academic Strugglers,6.56432784236908,1.380064110690264,0.4501697576028571,3,1.5
760,31,1,1,,2,Health-Constrained,3.859888145277525,2.127459483980571,0.5075037346492202,24,1.0
761,9,1,1,,0,Academic Strugglers,6.188506808900826,,0.5344005226011458,6,1.0
762,2,1,1,,0,Academic Strugglers,3.818979121873647,3.0,0.5615059333499652,4,1.0
763,9,4,1,,1,Stable Achievers,1.906268770389698,,0.2891472396879619,5,
764,25,4,0,health_related,2,Health-Constrained,2.676503237594803,0.9349511760868613,0.329600299037626,45,2.0
765,46,2,1,,0,Academic Strugglers,3.2089722868681076,2.087556708563822,0.52,22,1.0
766,23,2,0,psychosocial,0,Academic Strugglers,4.372635969569638,2.26049237711649,0.4661455985735566,2,0.0
767,7,4,1,,1,Stable Achievers,0.8953336009404299,,0.2849260193748721,6,1.0
768,3,2,1,,0,Academic Strugglers,1.5203571525603365,,0.52,2,
769,9,3,1,,0,Academic Strugglers,3.000684611702244,1.6861359881373912,,1,1.0
770,21,4,1,,1,Stable Achievers,1.746538496227311,0.7757349974653225,0.3066756699182933,5,3.0
771,21,3,1,,1,Stable Achievers,1.8866140945202114,1.1457474344361414,0.38202238208000433,12,1.5
772,15,5,1,,2,Health-Constrained,2.1317021617357543,1.303675129958267,,51,1.0
773,30,1,0,academic_performance,0,Academic Strugglers,4.958606569018248,1.9700431472503626,0.4809690068379298,3,1.5
774,12,1,1,,2,Health-Constrained,5.1824081732751175,2.1563794190383225,,22,
775,12,5,1,,1,Stable Achievers,-0.5255005084325155,0.328119869088386,0.2640552011331665,6,2.0
776,44,3,1,,0,Academic Strugglers,1.8200370571216853,,0.4282861639783348,5,
777,26,2,1,,0,Academic Strugglers,2.6381439774237223,2.029571772149056,0.5028138298794194,18,1.0
778,29,5,1,,1,Stable Achievers,1.0376929606436722,0.7654789712110357,,22,1.5
779,27,5,1,,2,Health-Constrained,-0.3159302601363226,1.2510954027203278,0.20801507144477982,66,1.0
780,8,4,1,,0,Academic Strugglers,4.672841245349142,1.8727696326630734,0.3687087922454717,12,0.0
781,28,1,1,,0,Academic Strugglers,6.398166538953894,2.20680756383566,0.5136929595521772,2,1.0
782,36,2,1,,0,Academic Strugglers,3.132922894143185,1.4875365705138925,0.4914791144569265,3,1.5
783,2,4,1,,1,Stable Achievers,4.089753679721004,1.7544656650920465,0.3464433798543878,6,2.0
784,18,2,1,,0,Academic Strugglers,5.249279038871039,2.276025120046874,0.4071084419906227,4,1.0
785,14,3,1,,1,Stable Achievers,2.214588213882889,0.7474131198937474,0.441289151939242,5,
786,29,4,1,,1,Stable Achievers,4.0741617358617885,1.529606566364166,0.368552530423109,3,1.0
787,43,3,1,,0,Academic Strugglers,5.4723015745223424,1.7854734383202513,0.4545764362204969,5,0.0
788,18,2,0,financial_instability,0,Academic Strugglers,3.03429694917795,2.1498129785128057,0.52,4,1.0
789,4,3,1,,1,Stable Achievers,0.7549989324187024,1.7448251849197,0.33264504895417163,5,1.0
790,31,5,1,,1,Stable Achievers,-1.1906878925864786,0.5132604643399044,,48,1.0
791,15,2,0,health_related,2,Health-Constrained,6.005983893210354,1.529199484391611,0.52,51,1.5
792,33,2,0,academic_performance,0,Academic Strugglers,11.0,1.8844557870059302,0.52,20,1.0
793,7,3,1,,0,Academic Strugglers,4.9568370750556205,,0.4531315021754837,12,
794,14,1,1,,0,Academic Strugglers,3.906304602359339,2.09892861897579,0.5575946336516979,16,2.0
795,19,2,1,,0,Academic Strugglers,1.8506643656623825,2.0026166201660134,0.52,3,1.0
796,40,2,1,,0,Academic Strugglers,1.4026234240351203,2.065339896600635,0.4860200042539202,14,2.0
797,26,4,1,,1,Stable Achievers,-1.2611633858784637,0.5724295006255125,0.34255088056605487,10,2.0
798,30,4,1,,1,Stable Achievers,2.9271441472049538,0.9793188796624607,0.264338704258648,28,1.5
799,34,4,1,,1,Stable Achievers,-0.1379375407365853,1.8723145021197758,0.3568413883420104,6,0.0
800,29,1,0,health_related,2,Health-Constrained,3.390849718584538,2.229176258281913,0.5060900065666669,32,1.0
801,42,1,1,,0,Academic Strugglers,1.46857097900559,2.062160074960368,0.4778943125791605,2,0.0
802,11,5,1,,1,Stable Achievers,-1.221131846455529,0.29457219126444184,0.2775400520680775,8,1.0
803,30,3,0,academic_performance,1,Stable Achievers,3.4934786739499497,1.3035650121161366,0.34522943983928944,7,1.5
804,12,5,1,,1,Stable Achievers,-0.5736874063771361,0.548215376107188,0.22532254869572438,3,2.0
805,27,2,1,,0,Academic Strugglers,1.9721710032247466,2.219586146348492,,6,
806,19,1,1,,0,Academic Strugglers,5.840381605715459,2.065165455680393,0.5700000000000001,7,1.0
807,44,3,1,,1,Stable Achievers,1.159132149347108,1.8248364736050435,0.37936125136952104,1,2.0
808,2,1,1,,0,Academic Strugglers,3.2791312483875363,,0.47056583320335077,12,
809,26,2,1,,0,Academic Strugglers,2.2560090807639446,2.497016169853202,0.52,1,0.0
810,3,2,1,,2,Health-Constrained,4.158751931818616,1.3042492446537066,0.42848915123258113,39,2.0
811,18,4,1,,1,Stable Achievers,0.1533193089310613,1.2663424595681199,,6,1.5
812,32,3,1,,0,Academic Strugglers,1.9721676321460684,1.983516484573547,0.3858413801959606,2,0.0
813,12,3,1,,0,Academic Strugglers,5.231244130709468,1.7457906489026556,0.39539304439120404,7,1.0
814,15,2,1,,0,Academic Strugglers,5.09721302148706,2.1386588678224365,0.4803829024744473,7,2.5
815,32,5,1,,1,Stable Achievers,-0.7351626547720491,0.8658562991642007,,5,2.5
816,34,5,1,,1,Stable Achievers,-0.4098821300395949,,0.21498409386258033,7,0.5
817,31,3,0,academic_performance,2,Health-Constrained,7.688765490802386,,,18,1.0
818,4,3,1,,0,Academic Strugglers,-0.3353673460871438,,0.4462214347702036,0,1.5
819,16,1,1,,0,Academic Strugglers,3.4782934782939474,,0.5266171665211513,7,1.0
820,35,4,1,,1,Stable Achievers,2.2047711703177963,1.4464848642121155,0.3106550231688139,18,
821,41,3,1,,0,Academic Strugglers,3.7139655470114525,0.9793362847328617,0.44509905715892284,7,
822,11,1,0,household_pressure,0,Academic Strugglers,4.903885713488691,2.4168763639975364,0.5384469819015051,6,1.0
823,19,1,0,financial_instability,0,Academic Strugglers,4.059449040868495,,0.5700000000000001,18,
824,41,1,1,,0,Academic Strugglers,8.870133994764874,2.257147516003657,0.5654465246672278,6,2.0
825,6,2,0,academic_performance,0,Academic Strugglers,5.014871735908897,2.0620160626833686,0.513745845782233,16,2.0
826,43,3,1,,1,Stable Achievers,0.0739597630926763,1.2855853711649567,0.35136555892210264,24,3.0
827,18,1,1,,0,Academic Strugglers,5.769199261673,2.1715770470565565,0.5700000000000001,5,1.0
828,33,5,1,,1,Stable Achievers,4.936297018147189,0.295598770411733,0.21088803391343353,4,2.0
829,21,1,1,,0,Academic Strugglers,0.3072139641254974,2.3501517223162662,0.5676289729702737,4,1.0
830,19,1,1,,0,Academic Strugglers,2.9007257632070815,1.996683652400069,0.48757548471728873,7,2.5
831,18,4,1,,1,Stable Achievers,0.3431794891760633,1.2435187278144229,0.32030051370581347,10,
832,2,3,1,,2,Health-Constrained,8.473686675565691,1.9278615077983359,0.3702789335092012,36,1.0
833,43,4,1,,1,Stable Achievers,4.1781740456615735,1.64092783577986,0.3428039725556125,6,1.5
834,36,5,1,,1,Stable Achievers,2.438077896774163,0.3786134540997852,0.2570136369673698,14,2.0
835,44,5,1,,1,Stable Achievers,0.9383535291347412,0.45158614562096105,0.2957338503934947,3,2.0
836,27,3,1,,1,Stable Achievers,0.1933683680094389,0.6664767067753737,0.4284790559202376,4,3.0
837,46,3,1,,0,Academic Strugglers,2.5674274464928617,1.1570269251608725,0.4131874007739769,3,1.5
838,4,1,1,,0,Academic Strugglers,10.0,2.281983890504926,0.5700000000000001,6,0.0
839,17,2,1,,1,Stable Achievers,-0.6839036090675016,,0.40516193628200103,6,
840,27,2,1,,0,Academic Strugglers,1.4871659488221116,1.9144083199915805,0.5197507629122955,9,1.0
841,23,1,1,,2,Health-Constrained,3.4530964645744806,2.3044838943436634,0.4723095199113298,22,1.0
842,1,3,1,,1,Stable Achievers,2.758701492202638,1.7178524494503837,0.38219691117191845,6,1.0
843,5,1,0,academic_performance,0,Academic Strugglers,7.595806787013039,2.6913628051541263,0.5464932966963592,11,1.0
844,22,3,1,,2,Health-Constrained,1.0533170313073084,1.9942506802305422,0.44983270607774634,22,2.0
845,39,5,1,,1,Stable Achievers,1.090259593025741,1.3637937802529805,0.21922096051943563,6,0.0
846,29,2,1,,0,Academic Strugglers,3.4944594822535393,2.1815810809251763,0.4470253642556054,7,1.0
847,14,3,0,other,0,Academic Strugglers,4.828073086940356,2.1138226129974305,0.42297569086227443,7,1.0
848,38,1,0,financial_instability,0,Academic Strugglers,3.088792188851883,2.2833152950103104,0.543023088008438,18,0.0
849,42,2,1,,2,Health-Constrained,4.608558678964155,2.004705273701851,0.4159315182104739,24,
850,14,1,1,,0,Academic Strugglers,2.532612501025679,,,5,1.5
851,44,2,1,,1,Stable Achievers,0.9168684606941642,0.9047217406892211,0.4817372915222904,2,2.0
852,11,1,1,,0,Academic Strugglers,5.199100066440634,2.453334828545941,0.4798697889102989,3,
853,28,2,1,,0,Academic Strugglers,3.1846872617105593,2.8,0.4079022124610313,8,1.0
854,16,4,1,,2,Health-Constrained,0.22375214297317347,,0.2712307802848203,54,2.0
855,34,4,1,,1,Stable Achievers,-0.8115364358003865,0.8435524773779317,0.274563522570056,28,2.0
856,3,5,1,,1,Stable Achievers,-0.4552587194755718,0.7429348613296831,0.20394330460369198,5,2.5
857,3,5,1,,1,Stable Achievers,0.9736005265614976,1.452928534758309,0.2915646404574059,6,
858,44,3,1,,1,Stable Achievers,-0.0727401539722199,,0.354901536457475,7,2.0
859,9,4,1,,1,Stable Achievers,-0.4274195932871037,1.4420280786636428,0.3551760297349218,7,1.5
860,42,3,1,,1,Stable Achievers,1.3945189532833293,,0.37814745470246225,5,
861,32,1,0,commute_distance,0,Academic Strugglers,3.343354870633216,2.95564550630688,0.5335583294477081,3,1.0
862,29,4,0,health_related,1,Stable Achievers,1.9808068708915867,0.9289178470900996,0.3089412099003791,16,
863,35,3,1,,0,Academic Strugglers,2.4730343314466063,2.053417222471168,0.4108988755253962,8,1.0
864,4,5,1,,1,Stable Achievers,1.7349585449590277,1.3121385930418996,0.2741203875673934,4,1.5
865,3,1,1,,0,Academic Strugglers,5.002879506180387,,,2,1.0
866,4,5,1,,1,Stable Achievers,1.4403614734987802,,0.21558539818683892,39,3.0
867,1,1,1,,0,Academic Strugglers,3.306138219854903,2.1966976603470707,0.5663956398513629,5,1.0
868,44,1,1,,2,Health-Constrained,5.575022767024662,2.3196429044792706,,48,2.0
869,22,3,0,psychosocial,1,Stable Achievers,-0.7404341037183247,1.7730473929082566,0.37517847380847513,7,2.0
870,6,2,1,,0,Academic Strugglers,4.749574357987857,2.3876168141234864,0.4820081144972067,4,2.0
871,15,3,1,,1,Stable Achievers,3.8722876477038115,1.4165494916132149,0.3737819599579617,3,0.5
872,7,2,1,,2,Health-Constrained,5.082124372618978,0.9879855380331962,0.41441747844124843,39,3.0
873,43,1,1,,0,Academic Strugglers,2.46967898706818,1.8929674972872743,0.5700000000000001,7,2.5
874,37,4,1,,1,Stable Achievers,1.6020869885203548,0.8637957385838085,0.3280895033207471,3,2.0
875,1,4,1,,1,Stable Achievers,-0.5289113093181217,1.115825708189332,0.2705871795065275,9,1.5
876,15,2,1,,0,Academic Strugglers,-0.5390350871505515,2.4427639886344075,0.4829294070186074,4,1.0
877,31,2,1,,0,Academic Strugglers,1.4309338793324518,2.4289545624629696,0.4981578475314134,5,2.0
878,20,4,1,,1,Stable Achievers,-1.2767924579604486,1.5159937571278737,0.27334972134938773,7,
879,11,2,1,,2,Health-Constrained,5.4879997073952484,2.0862169177004435,0.4954814777005546,42,1.0
880,20,3,1,,0,Academic Strugglers,4.622269244202054,1.7567805736095754,,2,1.0
881,21,5,1,,1,Stable Achievers,-0.8025612425193868,0.730725517970209,0.2381447502285458,4,0.5
882,33,4,1,,1,Stable Achievers,3.006021153749481,1.190735182080223,0.3361913565605526,8,2.5
883,27,3,1,,0,Academic Strugglers,4.147141133941573,0.9345651005502333,0.4397782360489843,4,2.0
884,23,4,0,academic_performance,1,Stable Achievers,3.725664957409887,1.24607376020066,0.2759571588292629,8,
885,29,1,1,,2,Health-Constrained,2.5547615948321236,1.491527923591215,0.4748797950292575,51,2.0
886,39,4,1,,2,Health-Constrained,5.4511800205519245,0.9165738295548849,0.3278633623097788,48,0.5
887,5,1,0,academic_performance,0,Academic Strugglers,3.7622021284066367,,0.4890079802988717,2,1.0
888,24,2,1,,0,Academic Strugglers,2.820476140218437,2.0307613435751013,0.4412263211622822,12,1.0
889,36,3,1,,1,Stable Achievers,-0.2374578003576319,1.696702197436088,0.38748937393909555,22,0.0
890,14,2,1,,0,Academic Strugglers,5.969899384640391,1.901150956315365,0.4982728456513323,3,2.0
891,41,4,0,health_related,2,Health-Constrained,0.8782513329882671,1.7666545076743887,0.36201167192360295,26,1.0
892,10,3,1,,1,Stable Achievers,3.1108360566360087,1.7846473648471033,0.3386860870442631,7,1.5
893,2,5,1,,1,Stable Achievers,0.9286434751847354,0.8848080504583682,0.2854391630103821,3,0.5
894,36,2,0,health_related,2,Health-Constrained,6.204886268631309,,0.4279138938959659,39,2.0
895,36,3,1,,0,Academic Strugglers,7.406120411312624,1.604583594680606,0.3801722941717782,6,1.5
896,11,1,1,,2,Health-Constrained,6.393306514451526,2.1447617153503,0.5354360265191516,38,1.5
897,47,1,1,,0,Academic Strugglers,4.41816860023523,2.32857880366487,0.4995145939200697,5,2.0
898,29,3,0,health_related,2,Health-Constrained,2.9413226030996773,1.6658475338053003,0.4096251840848798,28,1.0
899,2,5,1,,1,Stable Achievers,2.992419514504519,0.43970333566514397,0.23989704996459071,3,1.0
900,29,2,1,,0,Academic Strugglers,1.7153593298272092,,0.52,6,2.5
901,17,3,1,,1,Stable Achievers,2.16764482349402,1.6660087179267666,0.4034650502472602,10,1.0
902,46,5,1,,1,Stable Achievers,2.4761544142397662,0.4937540904703815,0.2181777047810496,7,3.0
903,13,1,1,,0,Academic Strugglers,2.4067900297866087,1.7355337423145651,0.49865658466658014,8,0.5
904,5,4,1,,0,Academic Strugglers,3.4716983622440813,2.343285383969366,0.37456249629585936,5,2.0
905,42,4,1,,1,Stable Achievers,3.4101528669142134,1.1154090178392524,0.35515140442770066,9,1.5
906,10,3,1,,1,Stable Achievers,1.8990265071132337,1.5967620920956578,0.4080941769562958,8,2.5
907,16,2,1,,0,Academic Strugglers,3.419437993245601,2.0445885359916716,0.4870096075351586,1,1.0
908,32,4,1,,1,Stable Achievers,2.5434335516949798,,,4,
909,16,5,1,,1,Stable Achievers,0.414859705228777,0.360403387897658,0.2118549687527812,6,1.0
910,16,2,1,,0,Academic Strugglers,0.8791067528955121,1.9759542773517405,0.4612407940745798,8,1.0
911,24,2,1,,0,Academic Strugglers,2.8529723806516727,1.7579261957127308,0.52,3,1.5
912,7,4,1,,0,Academic Strugglers,8.077838916632562,1.7465872745703686,0.3410412304555932,5,1.0
913,26,3,1,,1,Stable Achievers,-0.2372621457186988,1.4802416688276994,0.4066466880972525,1,2.5
914,43,1,0,financial_instability,0,Academic Strugglers,3.064928033488978,2.284653125644739,0.5626950707353964,5,
915,47,4,1,,1,Stable Achievers,0.15844609027669398,1.7907640898679307,0.3098098053004785,6,0.0
916,35,3,1,,0,Academic Strugglers,3.0813244665192143,1.7068764344863614,,8,0.0
917,28,2,0,psychosocial,0,Academic Strugglers,1.7788936248149054,,0.4034577507411403,2,1.0
918,11,2,1,,0,Academic Strugglers,5.932741005697548,1.565143820673181,0.5001766196139115,3,1.5
919,42,3,1,,0,Academic Strugglers,3.0437944688640783,2.114609537759665,0.36217656244601004,16,0.0
920,5,2,1,,0,Academic Strugglers,4.408842221486312,2.390602007071009,0.5140256917909479,20,1.0
921,34,3,1,,1,Stable Achievers,2.978127374793284,1.2999704621974009,0.3791310475403905,6,1.5
922,40,1,1,,0,Academic Strugglers,5.0092554909425235,2.394544191511917,0.5413810292748774,6,1.0
923,22,2,1,,0,Academic Strugglers,4.170639281955554,2.3,0.4286000294795741,3,1.5
924,27,4,1,,1,Stable Achievers,-0.0851156603316204,0.42080167454745676,0.2854728493966644,10,2.0
925,39,1,0,commute_distance,0,Academic Strugglers,3.3768684486872935,2.8790642691325523,0.481619050163667,3,1.0
926,44,3,1,,1,Stable Achievers,3.886920145693471,0.8725333321491056,0.389854363072918,2,2.0
927,2,3,1,,1,Stable Achievers,4.388608776734751,0.7288058804916755,0.33436559259052645,2,1.0
928,25,4,0,academic_performance,0,Academic Strugglers,4.461096519145823,1.4851869960307749,0.37888496838069163,7,
929,20,1,1,,0,Academic Strugglers,0.3794056522155007,2.260393330754348,0.546852255418206,5,1.0
930,11,4,1,,1,Stable Achievers,2.543033980909861,,0.2797722581009663,4,1.5
931,41,2,0,academic_performance,0,Academic Strugglers,5.966376310424277,1.3978769628396093,0.4500906706881117,5,
932,7,1,1,,0,Academic Strugglers,2.815332678773591,2.211247568112986,0.5656838619522375,7,1.0
933,16,1,0,other,0,Academic Strugglers,4.763499954556449,,0.470857273961069,8,
934,20,3,1,,1,Stable Achievers,-0.2766172277747028,0.7131701882802696,0.399688398496622,9,2.0
935,11,3,1,,1,Stable Achievers,0.1419271891263099,2.1634807872358515,0.3444996386177638,10,2.0
936,33,3,1,,2,Health-Constrained,1.7412440005164567,,0.3850861031591226,22,1.0
937,31,5,1,,1,Stable Achievers,0.8005119974554876,0.9028846222790221,0.2520112763376642,8,1.5
938,1,2,1,,2,Health-Constrained,5.5940012487218995,2.0411425101052014,0.52,22,1.5
939,8,1,1,,0,Academic Strugglers,10.984354841569052,1.7564466891688546,0.5213262548579369,2,1.5
940,19,2,1,,2,Health-Constrained,-0.5949346177734735,2.3,0.4093254582170983,20,1.5
941,42,1,1,,0,Academic Strugglers,3.724116580496271,2.497266252550855,0.540511780389568,4,2.0
942,19,4,1,,1,Stable Achievers,0.11729274521805366,1.7217568936065808,0.3671179395493128,30,1.0
943,20,4,1,,1,Stable Achievers,3.635800463471776,1.8321769329927617,0.3300501447859131,2,2.0
944,32,2,1,,0,Academic Strugglers,2.102486341250125,,0.4841293736951176,7,
945,38,2,1,,0,Academic Strugglers,4.442211714229536,1.8870155443758903,0.4916230291935759,6,
946,10,2,1,,0,Academic Strugglers,7.63007419090465,1.3362844460870913,0.52,10,
947,32,3,1,,0,Academic Strugglers,8.219393302562445,0.6242188250278069,0.4490018583591539,9,3.0
948,42,1,1,,0,Academic Strugglers,2.3867302493202147,2.5,0.4983905789882545,10,1.5
949,42,3,1,,2,Health-Constrained,-0.6283076446989386,1.5531599868341082,0.4362127591392859,42,0.5
950,16,1,0,commute_distance,0,Academic Strugglers,3.241634210023408,3.0,0.5330632317981636,5,1.0
951,37,4,1,,1,Stable Achievers,1.1197606535673905,1.3957372721336485,0.37250382015763583,2,0.5
952,39,3,1,,1,Stable Achievers,2.594174521985824,1.6842862025296514,0.33510579675976915,6,1.0
953,8,2,0,academic_performance,0,Academic Strugglers,7.814318772219781,2.8,0.4306521069560424,10,1.0
954,39,3,1,,2,Health-Constrained,1.392452655792808,1.9204214004197873,0.4491859914281932,39,1.0
955,44,2,1,,0,Academic Strugglers,2.742358534135806,2.2932531607856306,0.4848899514192142,6,1.0
956,42,4,1,,1,Stable Achievers,5.087593613702984,0.940268565938496,0.31285237467824845,22,1.0
957,41,1,1,,2,Health-Constrained,0.6792303068033144,,0.5222601007150821,22,2.0
958,13,2,1,,0,Academic Strugglers,4.204894172548305,,0.44944145068652097,3,
959,24,2,1,,2,Health-Constrained,4.207898336166368,1.5565369485670248,0.498652959777636,54,1.5
960,40,1,1,,0,Academic Strugglers,5.14691221753899,2.077603854510392,0.5619111191442367,5,2.5
961,5,3,1,,2,Health-Constrained,1.406378176622138,1.8412249500405582,0.41501469378933054,42,0.0
962,11,1,1,,0,Academic Strugglers,5.844707607615665,2.093958467235371,0.4823403547010517,8,
963,10,3,1,,1,Stable Achievers,0.7216163496780755,0.7805220954678507,0.3969997042302653,4,1.0
964,19,4,1,,1,Stable Achievers,2.812419470352612,0.5941952497831106,0.3364947237245381,8,
965,6,2,0,academic_performance,0,Academic Strugglers,5.930346180101889,1.9302654210169188,0.48725660242148483,3,2.0
966,9,2,1,,0,Academic Strugglers,4.659549783913376,1.584578711383334,0.5067278376395112,4,2.5
967,47,2,1,,2,Health-Constrained,1.6313313787386707,2.1449588764918985,0.5014936058914194,69,1.0
968,23,2,0,financial_instability,0,Academic Strugglers,4.929354866591236,2.038273409627691,0.5080184993754764,4,1.0
969,39,2,1,,0,Academic Strugglers,4.874591301508328,,0.4700830429443189,9,
970,4,3,1,,1,Stable Achievers,1.4394128397927495,,0.3567041653666979,3,2.0
971,3,2,1,,2,Health-Constrained,-0.4051542347752034,,0.4284275876481971,54,3.0
972,45,3,1,,0,Academic Strugglers,4.060750568000899,1.121035195497083,0.3811673609732139,9,
973,46,2,1,,2,Health-Constrained,4.257702089313401,2.3308147414961065,0.41254980774691,26,2.0
974,1,4,1,,1,Stable Achievers,1.2288467985945772,0.9461508707791934,0.3023790819695469,6,1.5
975,12,5,1,,1,Stable Achievers,3.1948002944421137,,0.24463302225456013,6,
976,24,4,1,,1,Stable Achievers,0.3969360096615127,1.6751302963573727,0.33034769302367084,4,1.0
977,31,2,1,,0,Academic Strugglers,4.480027459502832,2.2545118242886604,0.4427456830503943,5,2.0
978,40,3,1,,0,Academic Strugglers,2.668017673677751,1.8102514353035795,0.41555424900963345,7,0.5
979,1,4,1,,1,Stable Achievers,-1.2658368971799754,1.589514151621498,,18,1.0
980,7,2,1,,0,Academic Strugglers,3.574933240565464,2.8,0.46593434190301963,20,0.0
981,2,3,1,,0,Academic Strugglers,2.8351045637535486,2.120818396748825,0.38606588908036166,1,1.0
982,29,1,1,,0,Academic Strugglers,4.5654547478713585,1.5452154833947582,0.5110817427527816,9,3.0
983,26,2,1,,0,Academic Strugglers,-0.3800179901401478,2.048448105287119,0.41457573723613694,11,1.0
984,25,2,1,,0,Academic Strugglers,2.9555410189260467,2.169715400900696,0.5193516399569723,4,1.0
985,10,2,1,,0,Academic Strugglers,3.74184593112514,2.063263218824206,0.52,3,2.0
986,36,1,0,academic_performance,0,Academic Strugglers,6.373465271541371,2.5549726589005832,0.5700000000000001,2,1.0
987,43,1,1,,0,Academic Strugglers,4.514699553642407,,0.5176117739443298,5,3.0
988,33,1,0,household_pressure,0,Academic Strugglers,2.630779488810996,2.1762452251640356,,10,1.0
989,47,1,1,,0,Academic Strugglers,2.0687152221030187,2.1451188487780284,0.4771220327497906,1,1.0
990,39,1,0,financial_instability,0,Academic Strugglers,5.508121284464028,2.1193210511755183,0.5700000000000001,4,1.0
991,4,5,1,,1,Stable Achievers,1.0453230382384273,0.3576328833601317,0.21786399127386652,3,
992,38,1,1,,0,Academic Strugglers,2.1205248355477737,2.09439114005062,0.554500001700641,2,1.0
993,30,2,1,,0,Academic Strugglers,0.06914772246596124,2.0248009187850693,0.4125413846211231,16,0.0
994,28,5,1,,1,Stable Achievers,2.473063023312547,0.6108916788281977,,1,1.0
995,10,2,0,academic_performance,0,Academic Strugglers,5.113355233448865,1.369303899867804,0.4141328716765136,5,0.5
996,17,4,1,,1,Stable Achievers,4.042781043799163,0.9736902388142878,0.3731424095747793,1,1.5
997,17,2,0,commute_distance,0,Academic Strugglers,2.2607210041355974,2.2268292944121093,0.4226889237848329,10,
998,6,5,1,,1,Stable Achievers,-1.236628925509556,0.42769414341578105,0.2882103837052268,24,
999,16,2,1,,0,Academic Strugglers,5.144729048936079,1.1367124352837878,0.52,5,2.0
1000,8,3,1,,1,Stable Achievers,1.4140509944638193,1.564633034482506,0.3880087194669345,5,0.5
